item_key,catalog_type,catalog_name,match_status,match_score,asin,amazon_title,amazon_url,purchase_ppu,quantity_total,item_net_total,order_date,seller_name,brand,amazon_category
10_hceramic_coating,consumable,10 HCeramic Coating,unmatched,0.389,B09VGXDPRY,"JDiction UV Resin, Upgrade 300g High Viscosity Hard UV Resin with Crystal Clear Resin Kit for Doming, Sealing, Coating, and Casting",https://www.amazon.ca/dp/B09VGXDPRY,58.24,3.0,212.98,2023/11/26,WINGS SHOP's,JDiction,"Business, Industrial, & Scientific Supplies Basic"
3_dscratch_remover,consumable,3 DScratch Remover,unmatched,0.445,B01KXE39QY,"Calcium, Lime, and Rust Remover - 2 Pack",https://www.amazon.ca/dp/B01KXE39QY,32.44,1.0,36.66,2025/01/09,Naf products,Jelmar,Health and Beauty
9_piece_shop_vac_attachments,consumable,9 Piece Shop Vac Attachments,review,0.56,B0BD55PS3F,"9 Pcs Universal Vacuum Attachments for Shop Vac Accessories - 2 1/2"" to 1 1/4"" Hose Adapter for Shop Vac, 1 7/8"" to 1"" Vacuum Hose Adapter, 1 1/4"" Vac",https://www.amazon.ca/dp/B0BD55PS3F,41.49,1.0,46.88,2023/10/06,lanxingyuan,GIB cleaningtool,Home Improvement
adams_graphene_coating,consumable,Adams Graphene Coating,unmatched,0.456,B0C2FX3WB4,"Graphene Ceramic Spray Coating - LAST SO LONG! Quick & Easy for Cars, Motorcycles, Boats & More - Professional-Grade Sealant for Maximum Gloss & Shine - Waterless Wash & Wax - 9oz Bottle",https://www.amazon.ca/dp/B0C2FX3WB4,29.97,1.0,33.87,2025/01/28,Magic AutoCare,Magic Shield,"Business, Industrial, & Scientific Supplies Basic"
adams_tar_remover,consumable,Adams Tar Remover,unmatched,0.465,B06Y1T9PLH,"Meguiar's G180515 Bug & Tar Remover, 15 Ounces",https://www.amazon.ca/dp/B06Y1T9PLH,27.95,1.0,31.58,2024/05/09,HITCHWEB CANADA,Meguiar's,Automotive Parts and Accessories
air_fed_system_chemical_mask_gas,consumable,Air Fed System Chemical Mask Gas,review,0.591,B08MKQ548W,"Electric Constant Flow Supplied Air Fed System Chemical Mask Gas Mask Dustproof Respirator Paint Pesticide Spray Silicone Full Face Filters for Laboratory Welding,Set 1",https://www.amazon.ca/dp/B08MKQ548W,219.89,1.0,219.89,2023/09/18,ENZEP,ZYC,Sports
autofiber_scrub_ninja_interior_scrubbing_sponge_5_x_3_for_leather_plastic_vinyl_and_upholstery_clean,consumable,"Autofiber Scrub Ninja Interior Scrubbing Sponge (5”x 3”) for Leather, Plastic, Vinyl and Upholstery Cleaning (Black Gray)",strong,0.963,B09B4LVKPN,"Autofiber Scrub Ninja - Interior Scrubbing Sponge (5""x3"") for Leather, Plastic, Vinyl and Upholstery Cleaning (Black/Gray)",https://www.amazon.ca/dp/B09B4LVKPN,19.28,1.0,19.28,2024/05/09,"Super Detail, Inc.",Autofiber,Kitchen
bafxobd_11,consumable,BAFXOBD 11,unmatched,0.283,B00D1G8XA4,BIC Razor Hybrid3 3-Blade 6-Count,https://www.amazon.ca/dp/B00D1G8XA4,6.92,1.0,7.82,2022/11/25,Amazon,BIC,Beauty
bissell_2891_v,consumable,Bissell 2891 V,unmatched,0.356,B08DBW17HD,"Bissell 2891V Spotclean Professional Portable Carpet And Upholstery Deep Cleaner With Full-Sized 5.9 Amp, 5Ft Hose With 3"" Tough Stain Brush, 3-In-1 S",https://www.amazon.ca/dp/B08DBW17HD,199.97,1.0,225.97,2023/09/28,Amazon.ca,Bissell,Home
bucket_washboard,consumable,Bucket Washboard,review,0.526,B07WRQN1T5,2PCS 9.25'' Car Wash Washboard Insert Bucket Dirt Remove Filte Black 23.5cm,https://www.amazon.ca/dp/B07WRQN1T5,15.99,1.0,18.07,2023/10/31,Auto-Plaza,Auto-plaza,Automotive Parts and Accessories
car_guys_plastic_restorer_bring_plastic_rubber_and_vinyl_back_to_life_user_friendly_trim_restorer_sa,consumable,"CAR Guys Plastic Restorer Bring Plastic, Rubber, and Vinyl Back to Life! User Friendly Trim Restorer Safe Auto Detailing Supplies 8 Oz Kit with Foam Applicator",strong,0.964,B071FRWWRF,"CAR Guys Plastic Restorer | Bring Plastic, Rubber, and Vinyl Back to Life! | User Friendly Trim Restorer | Safe Auto Detailing Supplies | 8 Oz Kit with Foam Applicator",https://www.amazon.ca/dp/B071FRWWRF,28.34,1.0,28.34,2024/06/04,CAR GUYS,CAR GUYS,Automotive Parts and Accessories
car_detail_brushes,consumable,Car Detail Brushes,review,0.611,B0932XP5Y8,"Car Detail Brush, Boars Hair Multi-Purpose Car Detailing Brushes - Set of 5, 5 Head Sizes with Natural Ultra Soft Boars Hair Detailing Brush for Washi",https://www.amazon.ca/dp/B0932XP5Y8,13.59,1.0,15.36,2023/10/06,Meegoo CA Direct,Meegoo,Automotive Parts and Accessories
car_pro_darkside,consumable,Car Pro Darkside,unmatched,0.382,B000ATVOH4,"KitchenArt 55210 Pro 2 Cup Adjust-A-Cup, Satin",https://www.amazon.ca/dp/B000ATVOH4,17.0,1.0,19.21,2022/12/08,Amazon,KitchenArt,Kitchen
car_pro_descale,consumable,Car Pro Descale,unmatched,0.417,B008B9LX0S,LePage Pro Carpenter's Glue 150 ml,https://www.amazon.ca/dp/B008B9LX0S,5.96,1.0,6.73,2023/04/13,Amazon.ca,LePage,Home Improvement
car_pro_dressing,consumable,Car Pro Dressing,unmatched,0.443,B098NJHVTD,6 Pieces Tire Hex Grip Dressing Applicator Washable Tire Shine Applicator Dressing Pad Car Detailing Foam Sponge Reusable Tire Cleaner Sponge for No Mess Tire Detailing Supplies (4.33 Inch Diameter),https://www.amazon.ca/dp/B098NJHVTD,28.7,1.0,32.44,2023/12/22,Geemic,BBTO,Automotive Parts and Accessories
car_pro_eraser,consumable,Car Pro Eraser,unmatched,0.418,B008B9LX0S,LePage Pro Carpenter's Glue 150 ml,https://www.amazon.ca/dp/B008B9LX0S,5.96,1.0,6.73,2023/04/13,Amazon.ca,LePage,Home Improvement
car_pro_iron_x,consumable,Car Pro Iron X,unmatched,0.404,B0737NG78V,Olympia Tools 25-Pound Cast Iron Anvil,https://www.amazon.ca/dp/B0737NG78V,81.56,1.0,92.16,2023/10/06,Amazon.ca,Olympia Tools,Home Improvement
car_pro_lift,consumable,Car Pro Lift,unmatched,0.462,B00HVWVPRC,"L'Oréal Paris Hydrating Face Cream for Men, Vita Lift Men Expert Skincare, With Pro-Retinol, Targets and Reduces look of Wrinkles and Skin Dullness,",https://www.amazon.ca/dp/B00HVWVPRC,11.97,1.0,13.53,2022/11/25,Amazon.ca,L'Oreal Paris Men Expert,Beauty
car_pro_multi_x,consumable,Car Pro Multi X,unmatched,0.472,B01GVSYO10,"Dräger X-plore 3500 Half-Face Respirator Mask + 2x P100/Multi-Gas Combination Cartridge (OV/AG/HF/FM/CD/AM/MA/HS/P100), NIOSH-Certified, Reusable Pro",https://www.amazon.ca/dp/B01GVSYO10,74.67,1.0,84.38,2023/01/16,Draeger Safety Canada Ltd.,Drxe4ger,Apparel
car_pro_reset,consumable,Car Pro Reset,unmatched,0.403,B008B9LX0S,LePage Pro Carpenter's Glue 150 ml,https://www.amazon.ca/dp/B008B9LX0S,5.96,1.0,6.73,2023/04/13,Amazon.ca,LePage,Home Improvement
car_pro_tar_x,consumable,Car Pro Tar X,unmatched,0.393,B008B9LX0S,LePage Pro Carpenter's Glue 150 ml,https://www.amazon.ca/dp/B008B9LX0S,5.96,1.0,6.73,2023/04/13,Amazon.ca,LePage,Home Improvement
chapin_200001_gallon_sprayer,consumable,Chapin 200001 Gallon Sprayer,review,0.616,B000E28UQU,Chapin 20000 1-Gallon Lawn and Garden Sprayer,https://www.amazon.ca/dp/B000E28UQU,29.99,6.0,203.34,2023/10/11,Amazon.ca,Chapin International,Lawn & Patio
chemical_guys_blue_clay_bar,consumable,Chemical Guys Blue Clay Bar,review,0.512,B001TJALQO,"Chemical Guys WAC_CLY_100_16 Clayblock and Clay Synthetic Lubricant and Detailer, 16 oz",https://www.amazon.ca/dp/B001TJALQO,21.25,1.0,33.05,2023/12/12,eShine Car Care,Chemical Guys,Automotive Parts and Accessories
chemical_guys_buckets,consumable,Chemical Guys Buckets,review,0.562,B09VWHFX1X,"Chemical Guys ACC10602 Heavy Duty Ultra Clear Detailing Bucket for Cars, Trucks, SUVs, Jeeps, Motorcycles, RVs & More, 4.25 Gallon, 2 Count (Pack of 1) (Buckets Only)",https://www.amazon.ca/dp/B09VWHFX1X,27.59,1.0,31.18,2023/11/22,Amazon,Chemical Guys,Automotive Parts and Accessories
chemical_guys_clay_luber,consumable,Chemical Guys Clay Luber,review,0.522,B001TJALQO,"Chemical Guys WAC_CLY_100_16 Clayblock and Clay Synthetic Lubricant and Detailer, 16 oz",https://www.amazon.ca/dp/B001TJALQO,21.25,1.0,33.05,2023/12/12,eShine Car Care,Chemical Guys,Automotive Parts and Accessories
chemical_guys_foaming_citrus,consumable,Chemical Guys Foaming Citrus,unmatched,0.463,B00435H0GA,Chemical Guys ACC_204 Curved Tire Brush,https://www.amazon.ca/dp/B00435H0GA,13.79,1.0,15.58,2023/10/06,Amazon.ca,Chemical Guys,Automotive Parts and Accessories
chemical_guys_gray_clay_bar,consumable,Chemical Guys Gray Clay Bar,review,0.517,B001TJALQO,"Chemical Guys WAC_CLY_100_16 Clayblock and Clay Synthetic Lubricant and Detailer, 16 oz",https://www.amazon.ca/dp/B001TJALQO,21.25,1.0,33.05,2023/12/12,eShine Car Care,Chemical Guys,Automotive Parts and Accessories
chemical_guys_hydro_view,consumable,Chemical Guys Hydro View,unmatched,0.492,B00435H0GA,Chemical Guys ACC_204 Curved Tire Brush,https://www.amazon.ca/dp/B00435H0GA,13.79,1.0,15.58,2023/10/06,Amazon.ca,Chemical Guys,Automotive Parts and Accessories
chemical_guys_leather_detailer,consumable,Chemical Guys Leather Detailer,unmatched,0.484,B001TJALQO,"Chemical Guys WAC_CLY_100_16 Clayblock and Clay Synthetic Lubricant and Detailer, 16 oz",https://www.amazon.ca/dp/B001TJALQO,21.25,1.0,33.05,2023/12/12,eShine Car Care,Chemical Guys,Automotive Parts and Accessories
chemical_guys_tire_brush,consumable,Chemical Guys Tire Brush,review,0.673,B00435H0GA,Chemical Guys ACC_204 Curved Tire Brush,https://www.amazon.ca/dp/B00435H0GA,13.79,1.0,15.58,2023/10/06,Amazon.ca,Chemical Guys,Automotive Parts and Accessories
cillanil_bristle_brush,consumable,Cillanil Bristle Brush,unmatched,0.463,B0CC4QT68J,Wheel Rim Brush Soft Bristle Car Wheel Cleaner Brush Tire Detailing Brush Car Washing Brush for Wheels Rims Tips Vehicle Engine Motorcycles,https://www.amazon.ca/dp/B0CC4QT68J,10.45,1.0,10.45,2023/10/06,EnShiZhouJiangTaiKangBaiHuoLingShouYouXianGongSi,Mednkoku,Home
cleaning_swab_kit,consumable,Cleaning Swab Kit,review,0.535,B0BPR47D1T,"AAwipes Cleaning Swab Kit Microfiber Knitted Polyester Swab Sticks (5 Types, Total 100 Packs) Lint Free Swabs for Printer, Gun, Optics Lens, Camera, Arts and Crafts, Automotive Detailing (FA501)",https://www.amazon.ca/dp/B0BPR47D1T,18.99,3.0,64.38,2023/12/22,Alyvia LLC,AAwipes,"Business, Industrial, & Scientific Supplies Basic"
clicic_pump_sprayer,consumable,Clicic Pump Sprayer,review,0.547,B08HQBJCYT,CLICIC Hand Held 0.5 Gallon Garden Pump Sprayer Portable Yard and Lawn Sprayer 70oz Hand Sprayer for Spraying Weeds/Watering/Home Cleaning (2L Yellow),https://www.amazon.ca/dp/B08HQBJCYT,21.99,3.0,74.55,2023/10/31,CLICIC,CLICIC,Lawn & Patio
detailing_brush_set,consumable,Detailing Brush Set,review,0.555,B0BV7GMNDT,"Byttme Professional 4 Pack Long Handle Wheel Brush Kit for Cleaning Wheel and Tire- 2X Soft Wheel Woolies Cleaning Brush, Detailing Brush and Stiff Tire Brush Wheel Brush Set",https://www.amazon.ca/dp/B0BV7GMNDT,22.99,1.0,25.98,2024/05/09,Biquetu Store,BYTTME,Automotive Parts and Accessories
dewenwilsretractable_cord_reel,consumable,DEWENWILSRetractable Cord Reel,unmatched,0.432,B0B5R7W42J,"DEWENWILS Retractable Cord Reel, 60 FT Heavy Duty Extension Cord, 12AWG/3C SJTOW, 3 Grounded Outlets Lighted Triple Tap, 15A Circuit Breaker, Wall/Ceiling Mounted for Garage and Workshop, UL Listed",https://www.amazon.ca/dp/B0B5R7W42J,155.99,1.0,176.27,2023/11/22,Dewenwils,Dewenwils,Home Improvement
diydetail_ceramic_gloss,consumable,DIYDetail Ceramic Gloss,unmatched,0.412,B0C2FX3WB4,"Graphene Ceramic Spray Coating - LAST SO LONG! Quick & Easy for Cars, Motorcycles, Boats & More - Professional-Grade Sealant for Maximum Gloss & Shine - Waterless Wash & Wax - 9oz Bottle",https://www.amazon.ca/dp/B0C2FX3WB4,29.97,1.0,33.87,2025/01/28,Magic AutoCare,Magic Shield,"Business, Industrial, & Scientific Supplies Basic"
dlux_plastic_wheel_coating,consumable,DLux Plastic Wheel Coating,unmatched,0.406,B0BMLB193W,"Eco-friendly Car Wash Soap Sheets - Binbata Concentrated Foaming Car Wash Shampoo and Conditioner for Decontamination & Lubricate & Coating & Brighten Up & Protect Car Paint, No Plastic, 24 Count",https://www.amazon.ca/dp/B0BMLB193W,19.98,1.0,22.58,2024/06/05,Binbata Home Life Shops,Binbata,Health and Beauty
dr_beasleys_mattebodywash,consumable,Dr Beasleys MATTEbodywash,unmatched,0.307,B06Y3T5RV4,Candle Dyes - Wax Dyes for Candle Making - Color Chips for Candle Making - Wax Dye Flakes - Candle Wax Color Chips - Soy Candle Color Dyes,https://www.amazon.ca/dp/B06Y3T5RV4,27.99,1.0,31.63,2023/02/06,HandyHands,Candle Shop,Office Product
drill_brush_set,consumable,Drill Brush Set,review,0.648,B07L37CTFK,Drill Brush - Drill Brush Attachment - Drill Brush Power Scrubber - Drill Brush Set - Nylon Drill Brush - Drill Brush Scrubber - Drill Brush Cleaner -,https://www.amazon.ca/dp/B07L37CTFK,24.95,1.0,28.2,2023/10/06,Drillbrush,Drillbrush,Kitchen
drill_brush_set_green,consumable,Drill Brush Set Green,review,0.605,B07L37CTFK,Drill Brush - Drill Brush Attachment - Drill Brush Power Scrubber - Drill Brush Set - Nylon Drill Brush - Drill Brush Scrubber - Drill Brush Cleaner -,https://www.amazon.ca/dp/B07L37CTFK,24.95,1.0,28.2,2023/10/06,Drillbrush,Drillbrush,Kitchen
dr_ger_xplore_3500_half_face_respirator_mask,consumable,Dräger Xplore 3500 Half Face Respirator Mask,review,0.607,B01GVSYO10,"Dräger X-plore 3500 Half-Face Respirator Mask + 2x P100/Multi-Gas Combination Cartridge (OV/AG/HF/FM/CD/AM/MA/HS/P100), NIOSH-Certified, Reusable Pro",https://www.amazon.ca/dp/B01GVSYO10,74.67,1.0,84.38,2023/01/16,Draeger Safety Canada Ltd.,Drxe4ger,Apparel
estwing_air_hose,consumable,Estwing Air Hose,review,0.532,B01KA41E5K,"Estwing E1450PVCR 1/4"" x 50' PVC/Rubber Hybrid Air Hose with Brass 1/4"" NPT Industrial Fitting and Universal Quick Connect Coupler",https://www.amazon.ca/dp/B01KA41E5K,43.54,1.0,49.2,2023/10/31,Amazon.ca,Estwing,Home Improvement
eveage_under_carriage_washer,consumable,Eveage Under Carriage Washer,unmatched,0.461,B0C7TTYM3B,"EVEAGE 2-in-1 Undercarriage Pressure Washer Attachment, 16"" Pressure Washer Water Broom w/Extension Wands & Wash Mitt, 4000 PSI, Black",https://www.amazon.ca/dp/B0C7TTYM3B,72.99,1.0,82.48,2023/10/06,EVEAGE DIRECT,EVEAGE,Lawn & Patio
fixfans_pressure_washer_adapter_sets_m_22_14_mm,consumable,"FIXFANS Pressure Washer Adapter Sets, M 22 14 mm",review,0.713,B09Y565J7D,"FIXFANS Pressure Washer Adapter Sets, M22 14mm to 1/4'' Quick Connect Fittings kits, Quick Connect Gun to Hose (2 x 2, 2 Pack)",https://www.amazon.ca/dp/B09Y565J7D,22.99,2.0,51.96,2025/02/10,FIXFANS,FIXFANS,Lawn & Patio
foam_cleaning_swabs,consumable,Foam Cleaning Swabs,review,0.596,B0B38Q3MDS,"Foam Sticks Cleaning Swabs - BIHYM Lint-Free Foam Swabs for Inkjet Printer, Camera, Optical Lens, and Electronics(200pcs)",https://www.amazon.ca/dp/B0B38Q3MDS,32.99,1.0,37.28,2023/12/22,HI_MIN,BIHYM,"Business, Industrial, & Scientific Supplies Basic"
framar_powder_free_gloves,consumable,Framar Powder Free Gloves,review,0.604,B07F8DD5MV,"FRAMAR Powder Free Nitrile Gloves -12 INCH Black Disposable Gloves Latex Free, Non Latex Gloves, Hair Dye Gloves, Tattoo Gloves, Mechanics Gloves, Small Nitrile Gloves, Disposable Gloves Small",https://www.amazon.ca/dp/B07F8DD5MV,21.48,4.0,97.1,2023/12/12,FRAMAR,FRAMAR,Health and Beauty
goccidatornador,consumable,GOCCIDATornador,unmatched,0.304,B08P2LD3MK,"Shower Cat - Hair Catcher, Snare, and Drain Protector",https://www.amazon.ca/dp/B08P2LD3MK,34.9,1.0,39.44,2022/12/08,Loltos Product,Shower Cat,Home Improvement
great_cool_wash_mop,consumable,Great Cool Wash Mop,unmatched,0.388,B09H7KC5Q2,"GreatCool 62"" Car Wash Brush Mop Kit With Long Handle, 2 in 1 Chenille Microfiber Sponge Mitt Cleaning Detailing Duster for Washing Cars Truck SUV RV Caravans and Household, Scratch Free(2 x Mop Head)",https://www.amazon.ca/dp/B09H7KC5Q2,22.39,1.0,25.3,2023/11/22,GreatCool,GreatCool,Automotive Parts and Accessories
gtechniq_surface,consumable,GTechniq Surface,unmatched,0.361,B0DBJ8817H,"Swiffer WetJet Spray Mop Multi-Surface Floor Cleaner Pad Refill, 24 Count",https://www.amazon.ca/dp/B0DBJ8817H,16.98,1.0,19.19,2026/02/28,Amazon.ca,Swiffer,Health and Beauty
gyeon_can_coat,consumable,Gyeon Can Coat,unmatched,0.375,B07KBLB984,"NYX Professional Makeup Can't Stop Won't Stop Concealer, Natural, 3,50 mL",https://www.amazon.ca/dp/B07KBLB984,13.96,1.0,15.77,2022/11/25,Amazon,NYX PROFESSIONAL MAKEUP,Beauty
gyeon_car_coating,consumable,Gyeon Car Coating,unmatched,0.411,B0BMLB193W,"Eco-friendly Car Wash Soap Sheets - Binbata Concentrated Foaming Car Wash Shampoo and Conditioner for Decontamination & Lubricate & Coating & Brighten Up & Protect Car Paint, No Plastic, 24 Count",https://www.amazon.ca/dp/B0BMLB193W,19.98,1.0,22.58,2024/06/05,Binbata Home Life Shops,Binbata,Health and Beauty
gyeon_wet_coat,consumable,Gyeon Wet Coat,unmatched,0.352,B08SFW33VG,"Fancy Feast Petites Wet Cat Food, in Gravy Collection Variety Pack 3 Flavours - 79.4 g Tray (24 Pack)",https://www.amazon.ca/dp/B08SFW33VG,24.87,9.0,252.93,2025/01/09,Amazon,PURINA Fancy Feast,Pet Products
hgwater_deionizer,consumable,HGWater Deionizer,unmatched,0.419,B0CB3HN8MR,H&G lifestyles Portable Water Deionizer for Car Washing Spotless Water System Spot-Free Deionized Water for Vehicles Motorcycles Boats Solar Washing,https://www.amazon.ca/dp/B0CB3HN8MR,248.99,1.0,281.36,2023/12/22,Home & Garden lifestyles,H&G lifestyles,MotorCycle
homer_hyme_heavy_duty_sponges,consumable,Homer Hyme Heavy Duty Sponges,unmatched,0.45,B0BVF1LXYY,"HOMERHYME Heavy Duty Sponges, 24 Pack Scrub Sponge, Multipurpose Dish Sponge Double-Side Design, Durable & Long-Lasting with Hign Density Sponge.",https://www.amazon.ca/dp/B0BVF1LXYY,14.99,1.0,16.94,2023/10/31,LULUCATCH,HOMERHYME,Kitchen
homer_hyme_microfiber_cleaning_cloth,consumable,Homer Hyme Microfiber Cleaning Cloth,review,0.516,B0B3HZ33DL,"Microfiber Cleaning Cloths, 6 PCS Soft Material Microfiber Towels for Cars, Absorbent Drying Microfiber Cloth, Car Drying Towel with Dual Side, Microf",https://www.amazon.ca/dp/B0B3HZ33DL,17.84,1.0,20.16,2023/10/11,Waiyloon,Waiyloon,Kitchen
invisible_glass,consumable,Invisible Glass,unmatched,0.5,B07VVT4569,"Invisible Glass 92164-4PK 22-Ounce Premium Glass Cleaner and Window Spray for Auto and Home Streak-Free Shine on Windows, Windshields, and Mirrors is Residue and Ammonia Free and Tint Safe, Pack of 4",https://www.amazon.ca/dp/B07VVT4569,27.99,1.0,31.63,2023/12/12,Amazon.ca,Invisible Glass,Automotive Parts and Accessories
invisible_glass_glass_coating,consumable,Invisible Glass Glass Coating,unmatched,0.423,B07VVT4569,"Invisible Glass 92164-4PK 22-Ounce Premium Glass Cleaner and Window Spray for Auto and Home Streak-Free Shine on Windows, Windshields, and Mirrors is Residue and Ammonia Free and Tint Safe, Pack of 4",https://www.amazon.ca/dp/B07VVT4569,27.99,1.0,31.63,2023/12/12,Amazon.ca,Invisible Glass,Automotive Parts and Accessories
iso_alcohol,consumable,iso Alcohol,unmatched,0.458,B0BN4WJXY8,99% Isopropyl Alcohol - Made in Canada - 1L USP Grade Isopropyl Rubbing Alcohol - Isopropyl Alcohol 99 Percent - Bottle 99.9% Alcohol for Electronics,https://www.amazon.ca/dp/B0BN4WJXY8,23.99,1.0,27.11,2023/09/28,DGE Essentials CA,RAPID PROTECTANT,"Business, Industrial, & Scientific Supplies Basic"
lanon_heavy_duty_gloves,consumable,Lanon Heavy Duty Gloves,review,0.543,B09HZHS94B,"LANON 8mil Orange Disposable Nitrile Gloves, Mechanic, Heavy Duty, Food Safe, Latex Free, Powder Free, Fully-Diamond Textured, XL",https://www.amazon.ca/dp/B09HZHS94B,23.99,1.0,27.11,2023/11/27,LANON Protection LLC,LANON Protection,Home Improvement
lysol_wipes,consumable,Lysol Wipes,review,0.506,B09XJC428L,"Lysol Disinfecting Wipes, Spring Waterfall, Thick Strong Wipe, Kills 99.99% of Viruses & Bacteria, Bulk Pack of 6, 450 count (6 x 75 count)",https://www.amazon.ca/dp/B09XJC428L,34.47,2.0,77.9,2024/10/27,Amazon,LYSOL,Health and Beauty
makita_mac_700,consumable,Makita Mac 700,unmatched,0.423,B0001Q2VK0,Makita Mac700 2.0 Hp Big Bore Air Compressor,https://www.amazon.ca/dp/B0001Q2VK0,369.0,1.0,416.97,2023/10/06,Equipement Polar,Makita,Home Improvement
meguiar_s_g_180515_bug_and_tar_remover_15_ounces,consumable,"Meguiar's G 180515 Bug & Tar Remover, 15 Ounces",strong,0.924,B06Y1T9PLH,"Meguiar's G180515 Bug & Tar Remover, 15 Ounces",https://www.amazon.ca/dp/B06Y1T9PLH,27.95,1.0,31.58,2024/05/09,HITCHWEB CANADA,Meguiar's,Automotive Parts and Accessories
meguiar_s_heavy_duty_bug_and_tar_remover,consumable,Meguiar's Heavy Duty Bug & Tar Remover,review,0.697,B06Y1T9PLH,"Meguiar's G180515 Bug & Tar Remover, 15 Ounces",https://www.amazon.ca/dp/B06Y1T9PLH,27.95,1.0,31.58,2024/05/09,HITCHWEB CANADA,Meguiar's,Automotive Parts and Accessories
meguiar_s_leather_cleaner_and_conditioner_spray_gold_class_3_in_1_with_protection_g_10916_c,consumable,Meguiar's Leather Cleaner & Conditioner Spray Gold Class 3 in 1 with Protection G 10916 C,strong,0.936,B00F653LE6,Meguiar's Leather Cleaner & Conditioner Spray - Gold Class - 3 in 1 with Protection - G10916C,https://www.amazon.ca/dp/B00F653LE6,12.7,1.0,14.35,2024/06/04,Amazon.ca,Meguiar's,Automotive Parts and Accessories
meguiar_s_ultimate_quik_wax_709_m_l_durable_protection_quick_and_easy_g_200924_c,consumable,"Meguiar's Ultimate Quik Wax, 709 m L Durable Protection, Quick & Easy G 200924 C",strong,0.917,B08H5X1J1C,"Meguiar's Ultimate Quik Wax, 709mL - Durable Protection, Quick & Easy - G200924C",https://www.amazon.ca/dp/B08H5X1J1C,16.97,1.0,19.18,2025/02/10,Amazon,Meguiar's,Automotive Parts and Accessories
microfiber_cleaning_cloths,consumable,Microfiber Cleaning Cloths,review,0.617,B0B3HZ33DL,"Microfiber Cleaning Cloths, 6 PCS Soft Material Microfiber Towels for Cars, Absorbent Drying Microfiber Cloth, Car Drying Towel with Dual Side, Microf",https://www.amazon.ca/dp/B0B3HZ33DL,17.84,1.0,20.16,2023/10/11,Waiyloon,Waiyloon,Kitchen
mini_pet_detailer,consumable,Mini Pet Detailer,review,0.698,B0764MC2ZH,Mini Pet Hair Detailer,https://www.amazon.ca/dp/B0764MC2ZH,18.0,2.0,40.68,2023/10/06,"Lilly Brush Co., LLC",Lilly Brush,Pet Products
mountain_peak_air_purifier,consumable,Mountain Peak Air Purifier,review,0.595,B07VD8J5G6,"Mountain Peak- Ultimate Commercial Air Purifier Odor Eliminator Removes 99.96% Smoke and Pet Dander, Dust, Odor",https://www.amazon.ca/dp/B07VD8J5G6,159.0,1.0,179.67,2023/12/12,Dark Horse Industrial,Mountain Peak,Kitchen
mr_siga_squeegee,consumable,Mr Siga Squeegee,review,0.535,B01C6KUNZI,"MR. SIGA Window Cleaning Combo - Squeegee & Microfiber Window Washer, Size: 35cm",https://www.amazon.ca/dp/B01C6KUNZI,22.98,1.0,25.97,2023/11/22,Mr SIGA CANADA,MR.SIGA,Kitchen
no_9_wraptors,consumable,No 9 Wraptors,unmatched,0.318,B0013R67A6,"Hoppe's No. 9 Lubricating Oil, 14.9 ml Precision Bottle",https://www.amazon.ca/dp/B0013R67A6,19.99,1.0,22.59,2022/08/22,Kaizen8,HOPPE'S,Sports
pioneer_cover_alls_4_xl,consumable,Pioneer Cover Alls 4 XL,unmatched,0.395,B0757QCL9G,"Pioneer V7015550-4XL Microporous Disposable Coverall, Chemical Protective, Breathable and Comfortable White, 4XL",https://www.amazon.ca/dp/B0757QCL9G,8.46,20.0,191.2,2023/11/22,Amazon,Pioneer,"Business, Industrial, & Scientific Supplies Basic"
power_drill_scrubber_set,consumable,Power Drill Scrubber Set,review,0.611,B07L37CTFK,Drill Brush - Drill Brush Attachment - Drill Brush Power Scrubber - Drill Brush Set - Nylon Drill Brush - Drill Brush Scrubber - Drill Brush Cleaner -,https://www.amazon.ca/dp/B07L37CTFK,24.95,1.0,28.2,2023/10/06,Drillbrush,Drillbrush,Kitchen
pro_vinyl_wrap_kit,consumable,Pro Vinyl Wrap Kit,review,0.569,B08BRV8PF4,"Pro Vinyl Wraps Applicator Tool Kit Window Tint Film Car Wrapping Tools Includes Felt Squeegees, Plastic Scraper, Wrap Knife and Blades, Magnetic Hold",https://www.amazon.ca/dp/B08BRV8PF4,38.99,1.0,44.06,2023/10/06,NEWISHTOOL,NEWISHTOOL,Automotive Parts and Accessories
ps_absolute_rinseless,consumable,PS Absolute Rinseless,review,0.533,B0BBXN86Z4,"P&S Professional Detail Products - Absolute Rinseless Wash - Premium Soap Alternative; Unique Polymers Encapsulate and Emulsify Dirt; Softens Water; Safe on Paint, Coatings, Wraps, PPF (1 Gallon)",https://www.amazon.ca/dp/B0BBXN86Z4,64.0,1.0,72.32,2023/12/12,The Rag Company,P & S PROFESSIONAL DETAIL PRODUCTS,Health and Beauty
ps_bead_maker,consumable,PS Bead Maker,unmatched,0.49,B0779LMP2C,"P&S Professional Detail Products - Bead Maker - Paint Protectant & Sealant, Easy Spray & Wipe Application, Cured Protection, Long Lasting Gloss Enhancement, Hydrophobic Finish (1 Gallon)",https://www.amazon.ca/dp/B0779LMP2C,54.0,1.0,61.02,2023/12/12,The Rag Company,P & S PROFESSIONAL DETAIL PRODUCTS,Home Improvement
ps_brake_buster,consumable,PS Brake Buster,review,0.521,B07RTZBGWX,"P&S Professional Detail Products - Brake Buster Wheel Cleaner - Non Acid, Removes Brake Dust, Oil, Dirt, Light Corrosion (1 Gallon)",https://www.amazon.ca/dp/B07RTZBGWX,48.0,1.0,54.24,2023/12/12,The Rag Company,P & S PROFESSIONAL DETAIL PRODUCTS,Automotive Parts and Accessories
ps_carpet_bomber,consumable,PS Carpet Bomber,review,0.511,B0779L7MVR,P&S Professional Detail Products - Carpet Bomber - Carpet and Upholstery Cleaner; Citrus Based Cleaner Dissolves Grease and Lifts Dirt; Highly Dilutable; Great on Engines & Wheel Wells (1 Gallon),https://www.amazon.ca/dp/B0779L7MVR,44.0,1.0,49.72,2023/12/12,The Rag Company,P & S PROFESSIONAL DETAIL PRODUCTS,Automotive Parts and Accessories
ps_dream_maker,consumable,PS Dream Maker,unmatched,0.499,B09C8WRN95,P&S Professional Detail Products - Dream Maker - Show Car Exterior Gloss Amplifier Spray; Works on Single Stage or Clear Coated Paint; Safe on Existing Protection; Improve Look and Feel (1 Pint),https://www.amazon.ca/dp/B09C8WRN95,26.95,1.0,30.45,2023/12/12,The Rag Company,P & S PROFESSIONAL DETAIL PRODUCTS,Automotive Parts and Accessories
ps_paint_gloss,consumable,PS Paint Gloss,review,0.51,B0779LPFXV,"P&S Professional Detail Products - Paint Gloss Showroom Spray N Shine - Instant Detailer; Effectively Removes Dirt, Fingerprints, Dust, and Smudges; Excellent Clay Lubricant; C5001 (1 Gallon)",https://www.amazon.ca/dp/B0779LPFXV,47.0,1.0,53.11,2024/05/09,The Rag Company,P & S PROFESSIONAL DETAIL PRODUCTS,Home Improvement
ps_pearl_shampoo,consumable,PS Pearl Shampoo,unmatched,0.362,B00BOURFCQ,Dove Men+Care Fresh & Clean 2-in-1 Shampoo & Conditioner for Dry Hair with Caffeine and Menthol 750 ml,https://www.amazon.ca/dp/B00BOURFCQ,8.66,1.0,9.79,2022/11/25,Amazon.ca,Dove Men + Care,Beauty
ps_ragsto_riches,consumable,PS Ragsto Riches,unmatched,0.375,B08NWJ68NX,"P&S Professional Detail Products - Rags to Riches - Premium Microfiber Detergent, Deep Cleans and Restores, Safe on All Fabrics, Highly Concentrated, Next Generation Cleaning Technology (1 Quart)",https://www.amazon.ca/dp/B08NWJ68NX,32.0,1.0,36.16,2024/05/09,The Rag Company,P & S PROFESSIONAL DETAIL PRODUCTS,Health and Beauty
ps_shine_all,consumable,PS Shine All,review,0.506,B0779HH2CJ,"P&S Professional Detail Products - Shine All Performance Dressing - Premium High Performance Water Based Tire Dressing, Also Perfect for Vinyl, Rubber & Leather, Professional Gloss Finish (1 Gallon)",https://www.amazon.ca/dp/B0779HH2CJ,69.0,1.0,77.97,2023/12/22,The Rag Company,P & S PROFESSIONAL DETAIL PRODUCTS,Automotive Parts and Accessories
ps_swift_shine,consumable,PS Swift Shine,unmatched,0.353,B07GZSRD25,Relentless Drive Ergonomic Tire Brush - Car Wheel Brush for Tire Shine Application - Heavy Duty Bristles & Curved Head for Easy Use,https://www.amazon.ca/dp/B07GZSRD25,14.27,1.0,16.12,2023/10/06,Accelerator Store,Relentless Drive,Kitchen
ps_terminator,consumable,PS Terminator,review,0.615,B0779LHVMD,"P&S Professional Detail Products - Terminator Enzyme Spot and Stain Remover - Perfect for Attacking & Removing Embedded Soils, Grease, Dirt and Protein Based Stains; Deodorizes; Fresh Scent (1 Gallon)",https://www.amazon.ca/dp/B0779LHVMD,44.0,1.0,49.72,2023/12/22,The Rag Company,P & S PROFESSIONAL DETAIL PRODUCTS,Automotive Parts and Accessories
ps_xpress_cleaner,consumable,PS Xpress Cleaner,review,0.519,B07WRS7HT6,"P&S Professional Detail Products - Xpress Interior Cleaner - Perfect for Cleaning All Vehicle Interior Surfaces of Traffic Marks, Dirt, Grease, and Oil; Works on Leather, Vinyl, and Plastic (1 Gallon)",https://www.amazon.ca/dp/B07WRS7HT6,43.0,1.0,48.59,2023/12/12,The Rag Company,P & S PROFESSIONAL DETAIL PRODUCTS,Automotive Parts and Accessories
rag_company_ultra_clay_mitt,consumable,Rag Company Ultra Clay Mitt,review,0.577,B0B27TFK69,The Rag Company - Ultra Clay Decontamination Mitt - Effective Cleaning & Release of Paint Contaminants; Increase Wax and Sealant Bond; Enhance Gloss and Depth of Color; Fine Grade (8.7in. x 5.7in.),https://www.amazon.ca/dp/B0B27TFK69,49.95,1.0,56.44,2023/12/12,The Rag Company,The Rag Company,Health and Beauty
rag_company_ultra_clay_scrubber,consumable,Rag Company Ultra Clay Scrubber,review,0.595,B0BSFXT816,"The Rag Company - Ultra Clay Scrubber - Fast and Effective Removal of Paint Contaminants, Light Overspray, and More; Dual Sided Design for Scrubbing and Clay Work; Deep Clean Glass (2-Pack),Blue",https://www.amazon.ca/dp/B0BSFXT816,35.95,1.0,40.62,2023/12/12,The Rag Company,The Rag Company,Automotive Parts and Accessories
relentless_car_wash_mitts,consumable,Relentless Car Wash Mitts,review,0.524,B011B25IXY,"Relentless Drive Premium Car Wash Mitt (2-pack, Extra Large) - Car Wash Sponge - Chenille Microfiber Car Wash Mitt Scratch Free - Ultra Absorbent Micr",https://www.amazon.ca/dp/B011B25IXY,17.13,2.0,38.72,2023/10/31,Accelerator Store,Relentless Drive,Kitchen
relentless_tire_brush,consumable,Relentless Tire Brush,review,0.593,B07GZSRD25,Relentless Drive Ergonomic Tire Brush - Car Wheel Brush for Tire Shine Application - Heavy Duty Bristles & Curved Head for Easy Use,https://www.amazon.ca/dp/B07GZSRD25,14.27,1.0,16.12,2023/10/06,Accelerator Store,Relentless Drive,Kitchen
shelandypowerful_dryer,consumable,SHELANDYPowerful Dryer,unmatched,0.425,B07H8TVGR9,"SHELANDY Powerful Motorcycle & Car Dryer with 14 Foot Flexible Hose & Wheels - for Auto Detailing and dusting,black",https://www.amazon.ca/dp/B07H8TVGR9,139.99,1.0,158.19,2023/11/22,Shelandy Pet Supplies,SHELANDY,Automotive Parts and Accessories
shop_vac_filter_bags,consumable,Shop Vac Filter Bags,review,0.505,B0BFCR8CD8,"8 Pack 90107 Dry Filter Compatible with Shop Vac 5 Gallon and Above Filters, Replacement Parts #9010700, 9013700",https://www.amazon.ca/dp/B0BFCR8CD8,19.99,1.0,22.59,2023/10/31,MZY LLC-HOME,MZY LLC,Major Appliances
simoniz_2000,consumable,Simoniz 2000,unmatched,0.277,B004N3AVCM,"Simplicity Sewing Pattern 2613 Crafts, One Size",https://www.amazon.ca/dp/B004N3AVCM,19.89,1.0,22.48,2022/06/20,Amazon,Simplicity Creative Group Patterns,Art and Craft Supply
stoner_car_care_92034_2_pk_22_ounce_trim_shine_protectant_for_interior_and_exterior_restores_moistur,consumable,"Stoner Car Care 92034 2 PK 22 Ounce Trim Shine Protectant for Interior and Exterior Restores, Moisturizes, and Conditions Vinyl, Rubber, Leather and More, Pack of 2",strong,0.963,B09RGHDW6V,"Stoner Car Care 92034-2PK 22-Ounce Trim Shine Protectant for Interior and Exterior Restores, Moisturizes, and Conditions Vinyl, Rubber, Leather and More, Pack of 2",https://www.amazon.ca/dp/B09RGHDW6V,21.99,1.0,24.85,2024/06/04,Amazon.ca,Stoner Car Care,Automotive Parts and Accessories
takavu_wheel_brush,consumable,Takavu Wheel Brush,review,0.573,B071VRJRKK,"TAKAVU Master Wheel Brush, Easy Reach Wheel and Rim Detailing Brush 18'' Long Soft Bristle, Car Wheel Brush, Rim Tire Detail Brush,Multipurpose use for Wheels,Rims,Exhaust Tips,Motorcycles",https://www.amazon.ca/dp/B071VRJRKK,6.0,1.0,14.0,2023/10/06,MLTYSTORE,TAKAVU,Automotive Parts and Accessories
the_rag_company_pearl_microfiber_sponges,consumable,The Rag Company Pearl Microfiber Sponges,review,0.61,B09DK4X2MZ,"The Rag Company - The Pearl Microfiber Detailing Applicator Sponges (6-Pack) Versatile Detailing Tool, Excellent for Applying Wax, Sealants, Coatings and Other Automotive Products, 3in x 5in, Orange",https://www.amazon.ca/dp/B09DK4X2MZ,15.5,1.0,17.52,2023/11/22,The Rag Company,The Rag Company,Kitchen
tire_cleaner_sponge,consumable,Tire Cleaner Sponge,review,0.572,B098NJHVTD,6 Pieces Tire Hex Grip Dressing Applicator Washable Tire Shine Applicator Dressing Pad Car Detailing Foam Sponge Reusable Tire Cleaner Sponge for No Mess Tire Detailing Supplies (4.33 Inch Diameter),https://www.amazon.ca/dp/B098NJHVTD,28.7,1.0,32.44,2023/12/22,Geemic,BBTO,Automotive Parts and Accessories
turtle_wax_53409_hybrid_solutions_ceramic_spray_coating_incredible_shine_and_protection_for_car_pain,consumable,"Turtle Wax 53409 Hybrid Solutions Ceramic Spray Coating, Incredible Shine & Protection for Car Paint, Extreme Water Beading, Safe for Cars, Trucks, Motorcycles, RV's & More, 16 oz.",strong,0.964,B07XYPS3PS,"Turtle Wax 53409 Hybrid Solutions Ceramic Spray Coating, Incredible Shine & Protection for Car Paint, Extreme Water Beading, Safe for Cars, Trucks, Motorcycles, RV's & More, 16 oz.",https://www.amazon.ca/dp/B07XYPS3PS,34.62,1.0,39.12,2024/05/09,Euro Parts Etc,Turtle Wax,Automotive Parts and Accessories
turtle_wax_graphene,consumable,Turtle Wax Graphene,review,0.531,B09V3DQRS4,Turtle Wax Hybrid Solutions Pro Flex Car Spray Wax 680ml 53706 - Graphene Infused Detailing Spray for Car Showroom Instant Shine & Gloss with Paintwork Protection Against Road Grime & UV Rays,https://www.amazon.ca/dp/B09V3DQRS4,34.99,1.0,39.54,2024/05/09,TW Express Wash,Turtle Wax,Automotive Parts and Accessories
turtle_wax_hybrid,consumable,Turtle Wax Hybrid,review,0.54,B09V3DQRS4,Turtle Wax Hybrid Solutions Pro Flex Car Spray Wax 680ml 53706 - Graphene Infused Detailing Spray for Car Showroom Instant Shine & Gloss with Paintwork Protection Against Road Grime & UV Rays,https://www.amazon.ca/dp/B09V3DQRS4,34.99,1.0,39.54,2024/05/09,TW Express Wash,Turtle Wax,Automotive Parts and Accessories
turtle_wax_ice,consumable,Turtle Wax Ice,unmatched,0.438,B07XYPS3PS,"Turtle Wax 53409 Hybrid Solutions Ceramic Spray Coating, Incredible Shine & Protection for Car Paint, Extreme Water Beading, Safe for Cars, Trucks, Motorcycles, RV's & More, 16 oz.",https://www.amazon.ca/dp/B07XYPS3PS,34.62,1.0,39.12,2024/05/09,Euro Parts Etc,Turtle Wax,Automotive Parts and Accessories
turtle_wax_slickn_shine,consumable,Turtle Wax Slickn Shine,unmatched,0.468,B07XYPS3PS,"Turtle Wax 53409 Hybrid Solutions Ceramic Spray Coating, Incredible Shine & Protection for Car Paint, Extreme Water Beading, Safe for Cars, Trucks, Motorcycles, RV's & More, 16 oz.",https://www.amazon.ca/dp/B07XYPS3PS,34.62,1.0,39.12,2024/05/09,Euro Parts Etc,Turtle Wax,Automotive Parts and Accessories
vevorwater_tank_bladder,consumable,VEVORWater Tank Bladder,unmatched,0.491,B0C1Z6JRVX,"VEVOR Water Tank Bladder, 143 Gallon Large Capacity, PVC Collapsible Water Bladder Including Spigots and Overflow Kit, Portable Water Storage Bladder",https://www.amazon.ca/dp/B0C1Z6JRVX,153.03,1.0,172.92,2023/10/19,Amazon.ca,VEVOR,"Business, Industrial, & Scientific Supplies Basic"
wagner_spraytech,consumable,Wagner Spraytech,review,0.517,B01JYVLF0Y,"Wagner Spraytech C900054.M AutoRight SteamMachine Multi-Purpose Steam Cleaner, 12 Accessories Included, Steamer, Steam Cleaners, Steamer for cleaning, Power Steamer, Color May Vary",https://www.amazon.ca/dp/B01JYVLF0Y,129.99,1.0,146.89,2023/11/22,Amazon,Wagner Spray Tech,Automotive Parts and Accessories
work_light_2500_lm,consumable,Work Light 2500 LM,unmatched,0.495,B0B97F3XZZ,"Work Light, 2500LM Bright LED Work Lights, 5200mAh Rechargeable Magnetic Underhood Work Light Bar with Hooks, Cordless Portable Work Light for Mechanics for Car Repairing/Garage/Workshop/Emergency",https://www.amazon.ca/dp/B0B97F3XZZ,67.99,1.0,76.83,2023/11/26,Ropelux US,ropelux,Lighting
yuet_high_pressure_washer_gun_with_5_pcs_spray_nozzles_4350_psi,consumable,"YUET High Pressure Washer Gun with 5 Pcs Spray Nozzles, 4350 PSI",review,0.748,B0BLTV8J9J,"YUET High Pressure Washer Gun with 5Pcs Spray Nozzles, 4350 PSI 1/4"" Quick Release Car Washer Gun, Power Short Spray Gun M22 Metric Thread for Car Cleaning Washer Tool M22 14MM Fitting Hose Connector",https://www.amazon.ca/dp/B0BLTV8J9J,19.69,1.0,22.25,2025/02/10,YUET Official CA,YUET,Home Improvement
zavrski_car_clay_bar_3_pack_100_g_auto_detailing_clay_bar_premium_grade_clay_bar_cleaner_washing_sup,consumable,"Zavrski Car Clay Bar 3 Pack 100 g Auto Detailing Clay Bar Premium Grade Clay Bar Cleaner Washing Supplies with Washing and Adsorption Capacity for Cleaning Cars, RV, Bus and Boats",strong,0.947,B0BLSX7SSB,"Zavrski Car Clay Bar 3 Pack 100g Auto Detailing Clay Bar Premium Grade Clay Bar Cleaner Washing Supplies with Washing and Adsorption Capacity for Cleaning Cars, RV, Bus and Boats",https://www.amazon.ca/dp/B0BLSX7SSB,16.98,1.0,19.19,2024/06/03,AoligateHong,Zavrski,Automotive Parts and Accessories
10_pieces_plastic_garden_hose_quick_connect_set_3_4_inch_ght_water_hose_fittings_male_and_female_nip,tool,"10 Pieces Plastic Garden Hose Quick Connect Set, 3 4 Inch GHT Water Hose Fittings Male and Female Nipples for Garden Hose, Sprinklers and Spray Nozzles(2 Sets)",strong,0.964,B0CLHX29LG,"10 Pieces Plastic Garden Hose Quick Connect Set, 3/4 Inch GHT Water Hose Fittings Male and Female Nipples for Garden Hose, Sprinklers and Spray Nozzles(2 Sets)",https://www.amazon.ca/dp/B0CLHX29LG,15.99,1.0,18.07,2024/06/08,Saloriya,Sumalon,Home Improvement
2000_w_immersion_water_heater_portable_electric_instant_bucket_heater_with_digital_lcd_thermometer_s,tool,"2000 W Immersion Water Heater,Portable Electric Instant Bucket Heater with Digital LCD Thermometer, Stainless Steel Guard Anti scalding Submersible Water Heater for Pool Bathtub,UL Listed",strong,0.826,B0CJLGGPQG,"2000W Immersion Water Heater,Portable Electric Instant Bucket Heater with Digital LCD Thermometer, Stainless Steel Guard Anti-scalding Submersible Water Heater for Pool Bathtub,UL Listed(Black）",https://www.amazon.ca/dp/B0CJLGGPQG,30.48,2.0,68.9,2024/06/03,Laboomkey,Laboomkey,"Business, Industrial, & Scientific Supplies Basic"
5_bc_9_ed_8360_d_541_c_1268_f_92_aef_47_fa_81_f_w_3000_h_600_cr_0_0_3000_600_sx_1500,tool,"5 bc 9 ed 8360 d 541 c 1268 f 92 aef 47 fa 81 f.w 3000.h 600. CR 0,0,3000,600 SX 1500",unmatched,0.275,B08KVTNL28,"POWXS 4 Bay 18650 Battery Charger, Fast Lithium Charger for 18650 26650 22650 21700 20700 18490 18350 17670 17500 16340(RCR123) 14500 Li-ion and C AAA",https://www.amazon.ca/dp/B08KVTNL28,26.77,2.0,55.98,2023/06/21,POWXS-DIRECT,POWXS,CE
71_c_9_rca_0_yl_ac_sx_522,tool,71 C 9 rca 0 YL. AC SX 522,unmatched,0.301,B00ICS712W,"RMP 304 Stainless Steel Sheet, 2B, 12 Inch x 12 Inch x 0.022 Inch (24 Ga)",https://www.amazon.ca/dp/B00ICS712W,20.59,1.0,20.59,2023/12/22,Rose Metal Products,RMP,"Business, Industrial, & Scientific Supplies Basic"
71_egsfnw_57_l_ac_sx_522,tool,71 Egsfnw 57 L. AC SX 522,unmatched,0.28,B00ICS712W,"RMP 304 Stainless Steel Sheet, 2B, 12 Inch x 12 Inch x 0.022 Inch (24 Ga)",https://www.amazon.ca/dp/B00ICS712W,20.59,1.0,20.59,2023/12/22,Rose Metal Products,RMP,"Business, Industrial, & Scientific Supplies Basic"
71_g_omow_qwb_l_ac_sx_679,tool,71 g Omow QWb L. AC SX 679,unmatched,0.264,B07HGCL9DW,144/Pk Pike Jeweler's Saw Blades #1/0 Jewelry Making Cutting Sawblades,https://www.amazon.ca/dp/B07HGCL9DW,30.02,1.0,33.92,2023/11/26,Atlantic Tools,PMC Supplies LLC,"Business, Industrial, & Scientific Supplies Basic"
71_uex_nx_0_vv_l_ac_sx_522,tool,71 Uex Nx 0 vv L. AC SX 522,unmatched,0.285,B00ICS712W,"RMP 304 Stainless Steel Sheet, 2B, 12 Inch x 12 Inch x 0.022 Inch (24 Ga)",https://www.amazon.ca/dp/B00ICS712W,20.59,1.0,20.59,2023/12/22,Rose Metal Products,RMP,"Business, Industrial, & Scientific Supplies Basic"
8000_watt_elite_series_portable_gas_generator_cb_0_ee_7_d_6_98_cb_4267_b_383_9186_c_8632_c_69,tool,8000 watt elite series portable gas generator cb 0 ee 7 d 6 98 cb 4267 b 383 9186 c 8632 c 69,unmatched,0.307,B09NRG2YT3,"Anker 321 Power Bank (PowerCore 5K), 5,200mAh Ultra-Compact Portable Charger, Compatible with iPhone 13 and 12 Series, Samsung, Google Pixel, LG, and",https://www.amazon.ca/dp/B09NRG2YT3,39.99,2.0,90.38,2022/12/08,AnkerDirect-CA,Anker,Wireless
817_gweb_10_il_ac_sx_522,tool,817 GWeb 10 IL. AC SX 522,unmatched,0.314,B00ICS712W,"RMP 304 Stainless Steel Sheet, 2B, 12 Inch x 12 Inch x 0.022 Inch (24 Ga)",https://www.amazon.ca/dp/B00ICS712W,20.59,1.0,20.59,2023/12/22,Rose Metal Products,RMP,"Business, Industrial, & Scientific Supplies Basic"
819_s_5_r_j_5_gdl_ac_sx_425,tool,819 S 5 r J 5 GDL. AC SX 425,unmatched,0.285,B09Q1Z4C97,"144Pcs 1# 2# 3# 4# 5# 6# 1/0, 2/0, 3/0, 4/0, 5/0, 6/0 Jeweler's Saw Blades Set with Storage Box (12pcs of Each Size), Gold,Silver",https://www.amazon.ca/dp/B09Q1Z4C97,16.49,1.0,16.49,2024/10/21,TIANMAO,JUSTSWAG,"Business, Industrial, & Scientific Supplies Basic"
81_a_1_u_0_d_td_sl_sx_522,tool,81 A 1 U 0 d Td SL. SX 522,unmatched,0.299,B07H9DVLBB,"SanDisk 128GB Extreme PRO SDXC UHS-I Card - C10, U3, V30, 4K UHD, SD Card - SDSDXXY-128G-GN4IN",https://www.amazon.ca/dp/B07H9DVLBB,37.99,1.0,42.93,2022/12/31,Top Select Canada,SanDisk,Personal Computer
81_it_0_ox_3_yol_ac_sx_522,tool,81 IT 0 Ox 3 YOL. AC SX 522,unmatched,0.289,B00ICS712W,"RMP 304 Stainless Steel Sheet, 2B, 12 Inch x 12 Inch x 0.022 Inch (24 Ga)",https://www.amazon.ca/dp/B00ICS712W,20.59,1.0,20.59,2023/12/22,Rose Metal Products,RMP,"Business, Industrial, & Scientific Supplies Basic"
81_wr_uuf_ltj_l_ac_sx_522,tool,81 wr UUf Ltj L. AC SX 522,unmatched,0.294,B08FDCS8Q8,Fruit of the Loom 5 Pack Reusable Adult Face Masks,https://www.amazon.ca/dp/B08FDCS8Q8,7.26,1.0,8.2,2022/06/20,Amazon.ca,Fruit of the Loom,Apparel
air_hose,tool,Air Hose,unmatched,0.495,B01KA41E5K,"Estwing E1450PVCR 1/4"" x 50' PVC/Rubber Hybrid Air Hose with Brass 1/4"" NPT Industrial Fitting and Universal Quick Connect Coupler",https://www.amazon.ca/dp/B01KA41E5K,43.54,1.0,49.2,2023/10/31,Amazon.ca,Estwing,Home Improvement
air_hose_main,tool,Air Hose Main,unmatched,0.426,B0B1PYB1VY,"GOCCIDA 8 Car Cleaning Kit, Car Detailing Kit Cleaning Works with Air Compressor (Sponge Cloth + 5 x Brush Tips + Replacement Hose) 8 Parts Car Cleaning kit",https://www.amazon.ca/dp/B0B1PYB1VY,59.33,1.0,67.04,2023/11/22,GOCCIDA,GOCCIDA,Automotive Parts and Accessories
byttme_professional_4_pack_long_handle_wheel_brush_kit_for_cleaning_wheel_and_tire_2_x_soft_wheel_wo,tool,"Byttme Professional 4 Pack Long Handle Wheel Brush Kit for Cleaning Wheel and Tire 2 X Soft Wheel Woolies Cleaning Brush, Detailing Brush and Stiff Tire Brush Wheel Brush Set",strong,0.963,B0BV7GMNDT,"Byttme Professional 4 Pack Long Handle Wheel Brush Kit for Cleaning Wheel and Tire- 2X Soft Wheel Woolies Cleaning Brush, Detailing Brush and Stiff Tire Brush Wheel Brush Set",https://www.amazon.ca/dp/B0BV7GMNDT,22.99,1.0,25.98,2024/05/09,Biquetu Store,BYTTME,Automotive Parts and Accessories
car_wash_bucket_organizer_hanging_bucket_wash_tool_organizers_portable_car_washing_bucket_with_brush,tool,"Car Wash Bucket Organizer Hanging Bucket Wash Tool Organizers,Portable Car Washing Bucket with Brushes Holders for Car Auto Washing Supplies Ruliyeefu",strong,0.964,B0BXHTLY5K,"Car Wash Bucket Organizer | Hanging Bucket Wash Tool Organizers,Portable Car Washing Bucket with Brushes Holders for Car Auto Washing Supplies Ruliyeefu",https://www.amazon.ca/dp/B0BXHTLY5K,12.89,2.0,51.72,2024/05/09,statue-dam,Ruliyeefu,Home
carshelter,tool,carshelter,unmatched,0.325,B01HEQHXE8,Nerf N-Strike Elite Jolt Blaster,https://www.amazon.ca/dp/B01HEQHXE8,2.93,1.0,3.31,2022/11/25,Amazon.ca,Hasbro,Toy
dekopro_cordless_drill_combo_kit_20_v_max_brushless_impact_drill_and_impact_wrench_cordless_power_to,tool,"DEKOPRO Cordless Drill Combo Kit 20 V Max Brushless Impact Drill and Impact Wrench Cordless Power Tool Set with 2 Pcs 2.0 Ah&4.0 Ah Lithium Ion Batteries, Charger and Storage Bag Included",strong,0.963,B0B55V6NFL,"DEKOPRO Cordless Drill Combo Kit - 20V Max Brushless Impact Drill and Impact Wrench Cordless Power Tool Set with 2Pcs 2.0 Ah&4.0 Ah Lithium-Ion Batteries, Charger and Storage Bag Included",https://www.amazon.ca/dp/B0B55V6NFL,152.99,1.0,172.88,2024/06/03,DEKOPRO,DEKOPRO,Home Improvement
eco_worthy_industrial_water_pressure_diaphragm_pump_110_volt_5_5_gpm_55_psi_110_v_ac_self_priming_wa,tool,"ECO WORTHY Industrial Water Pressure Diaphragm Pump 110 Volt 5.5 GPM 55 PSI, 110 V AC Self Priming Water Booster Transfer Pump On Demand for RV Food Truck Camper Heater Barrel Sprinkler Irrigation",review,0.737,B0C699427X,"ECO-WORTHY Industrial Water Pressure Diaphragm Pump 110Volt 5.5GPM 55PSI, 110V AC Self Priming Water Booster Transfer Pump for Transfer Booster Water Heater Barrel Sprinkler Irrigation",https://www.amazon.ca/dp/B0C699427X,106.59,1.0,120.45,2024/06/03,Warehouse Deals,ECO-WORTHY,Home Improvement
enoch_s_land_brass_garden_hose_fittings_connectors_adapter_female_3_4_ght_to_female_1_2_npt,tool,"Enoch's Land Brass Garden Hose Fittings Connectors Adapter,Female 3 4 GHT to Female 1 2 NPT",strong,0.963,B0C1NHYLZC,"Enoch's Land Brass Garden Hose Fittings Connectors Adapter,Female 3/4"" GHT to Female 1/2"" NPT",https://www.amazon.ca/dp/B0C1NHYLZC,16.66,2.0,35.48,2024/06/18,skyus us,Enoch's Land,Home Improvement
enoch_s_land_brass_garden_hose_fittings_connectors_adapter,tool,Enoch's Land Brass Garden Hose Fittings Connectors Adapter,strong,0.803,B0C1NHYLZC,"Enoch's Land Brass Garden Hose Fittings Connectors Adapter,Female 3/4"" GHT to Female 1/2"" NPT",https://www.amazon.ca/dp/B0C1NHYLZC,16.66,2.0,35.48,2024/06/18,skyus us,Enoch's Land,Home Improvement
gpeng_expandable_garden_hose_50_ft_flexible_water_hose_with_8_function_spray_nozzle_with_40_layers_o,tool,"Gpeng Expandable Garden Hose 50 ft, Flexible Water Hose with 8 Function Spray Nozzle with 40 Layers of Innovative Nano Rubber, No Kink Leak Proof (Black)",review,0.523,B077QQ7H1B,"Gpeng Garden Hose, Expandable Water Hose 50 ft with 10 Function Nozzle,Triple Core Latex and 3/4"" Solid Brass Fittings, Kink Free Retractable Collapsible Gardening Flexible Hose Pipe (Bluewhite)",https://www.amazon.ca/dp/B077QQ7H1B,38.66,1.0,43.69,2024/06/08,G&F INTERNATIONAL E-COMMERCE,Gpeng,Lawn & Patio
hqmpc_garden_hose_y_valve_hose_splitter_brass_hose_splitter_with_solid_brass_handle_brass_y_valve_wa,tool,HQMPC Garden Hose Y Valve Hose Splitter Brass Hose Splitter with Solid Brass Handle Brass Y Valve Water Garden Hose Adapter 2 Way Y Valve 3 4 GHT Thread Extra 4 Presure washers (1),strong,0.964,B086TXJYX1,"HQMPC Garden Hose Y Valve Hose Splitter Brass Hose Splitter with Solid Brass Handle Brass Y Valve Water Garden Hose Adapter 2 Way Y Valve 3/4"" GHT Thread Extra 4 Presure washers (1)",https://www.amazon.ca/dp/B086TXJYX1,18.99,1.0,21.46,2024/06/08,HAOQI MPC,HQMPC,Lawn & Patio
medas_plastic_hose_fitting_hose_connector_for_utility_water_pump,tool,MEDAS Plastic Hose Fitting Hose Connector for Utility Water Pump,review,0.783,B0D44M7HC7,"MEDAS Plastic Hose Fitting Hose Connector for Utility Water Pump, Converts 1-1/2"" Female to 3/4"" Male for Standard Garden Hose Adapter",https://www.amazon.ca/dp/B0D44M7HC7,20.24,1.0,20.24,2024/06/13,ECOEDEN,MEDAS,Home Improvement
mingle_pressure_washer_coupler_metric_m_22_15_mm_male_thread_to_m_22_14_mm_female_fitting_4500_psi,tool,"Mingle Pressure Washer Coupler, Metric M 22 15 mm Male Thread to M 22 14 mm Female Fitting, 4500 PSI",strong,0.961,B07FZ94HPX,"Mingle Pressure Washer Coupler, Metric M22 15mm Male Thread to M22 14mm Female Fitting, 4500 PSI",https://www.amazon.ca/dp/B07FZ94HPX,14.99,1.0,16.94,2025/01/27,MINGLE Tool,M MINGLE,Home Improvement
no_cry_professional_construction_knee_pads_for_men_and_women_with_non_slip_heavy_duty_cap_and_ankle_,tool,No Cry Professional Construction Knee Pads for Men and Women with Non Slip Heavy Duty Cap and Ankle Support,review,0.633,B08LTMW81Z,"NoCry Professional Knee Pads for Men and Women with Enhanced Non-Slip Heavy Duty Cap, Upgraded Adjustable Elastic Straps and a Comfortable Foam and Gel Cushion",https://www.amazon.ca/dp/B08LTMW81Z,39.99,1.0,45.19,2024/05/09,NoCry,NoCry,Home Improvement
power_cord,tool,Power Cord,review,0.516,B08XMM83SH,"Yintar Power Bar with 8 Ft, Surge Protector Power Strip with 18 AC Outlets and 3 USB Ports, 8 Feet Extension Cord (1875W/15A) , 2100 Joules, ETL Liste",https://www.amazon.ca/dp/B08XMM83SH,29.97,1.0,33.87,2022/08/25,ANDAXING TECH,Yintar,CE
pressure_washer,tool,Pressure Washer,review,0.573,B0C7TTYM3B,"EVEAGE 2-in-1 Undercarriage Pressure Washer Attachment, 16"" Pressure Washer Water Broom w/Extension Wands & Wash Mitt, 4000 PSI, Black",https://www.amazon.ca/dp/B0C7TTYM3B,72.99,1.0,82.48,2023/10/06,EVEAGE DIRECT,EVEAGE,Lawn & Patio
pvc_garden_hose_adapters,tool,PVC Garden Hose Adapters,review,0.713,B0CZL3XDBB,"PVC Garden Hose Adapters, 1.5"" NPT Male to 3/4"" GHT Female, 2 Pack with Teflon Tape and Stainless Steel Clamps for Sump Pump and Pool Pump Hose Adapter, Garden Hose and Sump Pump Connector Parts",https://www.amazon.ca/dp/B0CZL3XDBB,22.8,1.0,25.76,2024/06/08,SCBao,BAOMEI,Home Improvement
shop_vac_attach,tool,Shop Vac Attach,unmatched,0.45,B0BD55PS3F,"9 Pcs Universal Vacuum Attachments for Shop Vac Accessories - 2 1/2"" to 1 1/4"" Hose Adapter for Shop Vac, 1 7/8"" to 1"" Vacuum Hose Adapter, 1 1/4"" Vac",https://www.amazon.ca/dp/B0BD55PS3F,41.49,1.0,46.88,2023/10/06,lanxingyuan,GIB cleaningtool,Home Improvement
simoniz_1900_psi_electric_pressure_washer_d_5_df_4_ea_0_db_9_a_4_d_59_9_a_70_34_d_5_ff_570116_jpgren,tool,simoniz 1900 psi electric pressure washer d 5 df 4 ea 0 db 9 a 4 d 59 9 a 70 34 d 5 ff 570116 jpgrendition,unmatched,0.335,B09THYTTWQ,"WEOSMIRA Pressure Washer Adapter Set, 3/8 Quick Connect Fittings, Male and Female Power Washer Quick Disconnect, 3/8"" Quick Plug Male Nipple, 6 Pieces, Stainless Steel, 5000 PSI",https://www.amazon.ca/dp/B09THYTTWQ,24.99,1.0,28.24,2025/01/09,WEOSMIRA,WEOSMIRA,Home Improvement
snap_fresh_cordless_leaf_blower_550_cfm_brushless_leaf_blower_with_4_0_ah_battery_and_fast_charger,tool,"Snap Fresh Cordless Leaf Blower, 550 CFM Brushless Leaf Blower with 4.0 Ah Battery & Fast Charger",review,0.66,B0C6Q73ZHT,"SnapFresh Leaf Blower - 550CFM Brushless Leaf Blower with 4.0Ah Battery & Fast Charger, 20V Electric Leaf Blower for Lawn Care, Battery Powered Lightweight Leaf Blower for Yard Patio Garden",https://www.amazon.ca/dp/B0C6Q73ZHT,169.99,1.0,192.09,2024/05/09,SnapFresh Official,SnapFresh,Lawn & Patio
squeegee,tool,Squeegee,review,0.615,B01C6KUNZI,"MR. SIGA Window Cleaning Combo - Squeegee & Microfiber Window Washer, Size: 35cm",https://www.amazon.ca/dp/B01C6KUNZI,22.98,1.0,25.97,2023/11/22,Mr SIGA CANADA,MR.SIGA,Kitchen
tornador,tool,Tornador,unmatched,0.285,B09X9XXHGN,ORTUR Laser Head Focusing Controller for Ortur Laser MasterLaser Engraver,https://www.amazon.ca/dp/B09X9XXHGN,99.99,1.0,112.99,2022/08/06,Ortur,Ortur,Sports
water_gun,tool,Water Gun,unmatched,0.446,B0748H3GKN,"Catit Senses 2.0 Cat Water Fountain Filters, Cat Water Fountain, 5 Pack",https://www.amazon.ca/dp/B0748H3GKN,17.48,2.0,39.52,2024/10/21,Amazon,Catit,Pet Products
watertank,tool,watertank,unmatched,0.341,B0748H3GKN,"Catit Senses 2.0 Cat Water Fountain Filters, Cat Water Fountain, 5 Pack",https://www.amazon.ca/dp/B0748H3GKN,17.48,2.0,39.52,2024/10/21,Amazon,Catit,Pet Products
waterwheels,tool,waterwheels,unmatched,0.3,B01HEQHXE8,Nerf N-Strike Elite Jolt Blaster,https://www.amazon.ca/dp/B01HEQHXE8,2.93,1.0,3.31,2022/11/25,Amazon.ca,Hasbro,Toy
weosmira_pressure_washer_adapter_set,tool,WEOSMIRA Pressure Washer Adapter Set,review,0.709,B09THYTTWQ,"WEOSMIRA Pressure Washer Adapter Set, 3/8 Quick Connect Fittings, Male and Female Power Washer Quick Disconnect, 3/8"" Quick Plug Male Nipple, 6 Pieces, Stainless Steel, 5000 PSI",https://www.amazon.ca/dp/B09THYTTWQ,24.99,1.0,28.24,2025/01/09,WEOSMIRA,WEOSMIRA,Home Improvement
wilteexs_pressure_washer_hose_50_ft,tool,WILTEEXS Pressure Washer Hose 50 FT,review,0.72,B0BR7T4GY3,"WILTEEXS Pressure Washer Hose 50FT X 1/4'', Kink Resistant Power Washer Hose Kits with M22-14mm x 3/8"" Quick Connect Extension Adapter Replacement for Universal Pressure Washer, 3600PSI",https://www.amazon.ca/dp/B0BR7T4GY3,52.99,1.0,59.88,2025/01/09,Wilteexs,WILTEEXS,Home Improvement
worth_garden_leader_short_garden_hose_2,tool,Worth Garden Leader Short Garden Hose 2,review,0.736,B08M5SKJ2C,"Worth Garden LEADER Short Garden Hose 3/4 in. x 2 ft. NO KINK, LEAD-IN Water Hose with Male to Female Fittings,PVC Durable Garden Pipe with Brass for Household &commercial Use,12 YEARS WARRANTY",https://www.amazon.ca/dp/B08M5SKJ2C,20.69,2.0,44.07,2024/06/08,INATURELIVING,Worth,Home Improvement
worth_garden_leader_short_garden_hose,tool,Worth Garden Leader Short Garden Hose,review,0.734,B08M5SKJ2C,"Worth Garden LEADER Short Garden Hose 3/4 in. x 2 ft. NO KINK, LEAD-IN Water Hose with Male to Female Fittings,PVC Durable Garden Pipe with Brass for Household &commercial Use,12 YEARS WARRANTY",https://www.amazon.ca/dp/B08M5SKJ2C,20.69,2.0,44.07,2024/06/08,INATURELIVING,Worth,Home Improvement
wrap_kit,tool,Wrap Kit,unmatched,0.465,B08BRV8PF4,"Pro Vinyl Wraps Applicator Tool Kit Window Tint Film Car Wrapping Tools Includes Felt Squeegees, Plastic Scraper, Wrap Knife and Blades, Magnetic Hold",https://www.amazon.ca/dp/B08BRV8PF4,38.99,1.0,44.06,2023/10/06,NEWISHTOOL,NEWISHTOOL,Automotive Parts and Accessories
