api_path,target_owner,namespace,build263_review,notes
functions/api/_lib/accounting-gl.js,platform_core,_lib,inventory_only,Ownership hint only; server authorization remains endpoint-specific.
functions/api/_lib/accounting.js,platform_core,_lib,inventory_only,Ownership hint only; server authorization remains endpoint-specific.
functions/api/_lib/analytics-rollups.js,platform_core,_lib,inventory_only,Ownership hint only; server authorization remains endpoint-specific.
functions/api/_lib/app-settings.js,platform_core,_lib,inventory_only,Ownership hint only; server authorization remains endpoint-specific.
functions/api/_lib/booking-documents.js,platform_core,_lib,inventory_only,Ownership hint only; server authorization remains endpoint-specific.
functions/api/_lib/booking-location.js,platform_core,_lib,inventory_only,Ownership hint only; server authorization remains endpoint-specific.
functions/api/_lib/catalog-movements.js,platform_core,_lib,inventory_only,Ownership hint only; server authorization remains endpoint-specific.
functions/api/_lib/catalog-readiness.js,platform_core,_lib,inventory_only,Ownership hint only; server authorization remains endpoint-specific.
functions/api/_lib/creative-projects.js,platform_core,_lib,inventory_only,Ownership hint only; server authorization remains endpoint-specific.
functions/api/_lib/crew-assignments.js,platform_core,_lib,inventory_only,Ownership hint only; server authorization remains endpoint-specific.
functions/api/_lib/customer-admin.js,platform_core,_lib,inventory_only,Ownership hint only; server authorization remains endpoint-specific.
functions/api/_lib/customer-auth-tokens.js,platform_core,_lib,inventory_only,Ownership hint only; server authorization remains endpoint-specific.
functions/api/_lib/customer-session.js,platform_core,_lib,inventory_only,Ownership hint only; server authorization remains endpoint-specific.
functions/api/_lib/daip-gate-c-review.js,platform_core,_lib,inventory_only,Ownership hint only; server authorization remains endpoint-specific.
functions/api/_lib/daip-governance.js,platform_core,_lib,inventory_only,Ownership hint only; server authorization remains endpoint-specific.
functions/api/_lib/daip-intake-dry-run.js,platform_core,_lib,inventory_only,Ownership hint only; server authorization remains endpoint-specific.
functions/api/_lib/daip-media.js,platform_core,_lib,inventory_only,Ownership hint only; server authorization remains endpoint-specific.
functions/api/_lib/daip-phase1-readiness.js,platform_core,_lib,inventory_only,Ownership hint only; server authorization remains endpoint-specific.
functions/api/_lib/daip-private-mvp-design.js,platform_core,_lib,inventory_only,Ownership hint only; server authorization remains endpoint-specific.
functions/api/_lib/daip-test-mode.js,platform_core,_lib,inventory_only,Ownership hint only; server authorization remains endpoint-specific.
functions/api/_lib/editable-settings.js,platform_core,_lib,inventory_only,Ownership hint only; server authorization remains endpoint-specific.
functions/api/_lib/final-balance-links.js,platform_core,_lib,inventory_only,Ownership hint only; server authorization remains endpoint-specific.
functions/api/_lib/gift-delivery.js,platform_core,_lib,inventory_only,Ownership hint only; server authorization remains endpoint-specific.
functions/api/_lib/http.js,platform_core,_lib,inventory_only,Ownership hint only; server authorization remains endpoint-specific.
functions/api/_lib/integration-registry.js,platform_core,_lib,inventory_only,Ownership hint only; server authorization remains endpoint-specific.
functions/api/_lib/inventory-posting.js,platform_core,_lib,inventory_only,Ownership hint only; server authorization remains endpoint-specific.
functions/api/_lib/job-live-feed.js,platform_core,_lib,inventory_only,Ownership hint only; server authorization remains endpoint-specific.
functions/api/_lib/launch-readiness-evidence.js,platform_core,_lib,inventory_only,Ownership hint only; server authorization remains endpoint-specific.
functions/api/_lib/live-interaction-alerts.js,platform_core,_lib,inventory_only,Ownership hint only; server authorization remains endpoint-specific.
functions/api/_lib/membership-reminders.js,platform_core,_lib,inventory_only,Ownership hint only; server authorization remains endpoint-specific.
functions/api/_lib/notification-hooks.js,platform_core,_lib,inventory_only,Ownership hint only; server authorization remains endpoint-specific.
functions/api/_lib/payroll.js,platform_core,_lib,inventory_only,Ownership hint only; server authorization remains endpoint-specific.
functions/api/_lib/photo-library.js,platform_core,_lib,inventory_only,Ownership hint only; server authorization remains endpoint-specific.
functions/api/_lib/pricing-catalog.js,platform_core,_lib,inventory_only,Ownership hint only; server authorization remains endpoint-specific.
functions/api/_lib/production-test-playbook.js,platform_core,_lib,inventory_only,Ownership hint only; server authorization remains endpoint-specific.
functions/api/_lib/proof-of-work.js,platform_core,_lib,inventory_only,Ownership hint only; server authorization remains endpoint-specific.
functions/api/_lib/provider-dispatch.js,platform_core,_lib,inventory_only,Ownership hint only; server authorization remains endpoint-specific.
functions/api/_lib/public-website-images.js,platform_core,_lib,inventory_only,Ownership hint only; server authorization remains endpoint-specific.
functions/api/_lib/quote-deposit-payments.js,platform_core,_lib,inventory_only,Ownership hint only; server authorization remains endpoint-specific.
functions/api/_lib/quote-payment-events.js,platform_core,_lib,inventory_only,Ownership hint only; server authorization remains endpoint-specific.
functions/api/_lib/roadmap-execution.js,platform_core,_lib,inventory_only,Ownership hint only; server authorization remains endpoint-specific.
functions/api/_lib/social-compliance.js,platform_core,_lib,inventory_only,Ownership hint only; server authorization remains endpoint-specific.
functions/api/_lib/social-dispatch.js,platform_core,_lib,inventory_only,Ownership hint only; server authorization remains endpoint-specific.
functions/api/_lib/social-platform-dispatch.js,platform_core,_lib,inventory_only,Ownership hint only; server authorization remains endpoint-specific.
functions/api/_lib/staff-auth.js,platform_core,_lib,inventory_only,Ownership hint only; server authorization remains endpoint-specific.
functions/api/_lib/staff-session.js,platform_core,_lib,inventory_only,Ownership hint only; server authorization remains endpoint-specific.
functions/api/_lib/startup-process-catalog.js,platform_core,_lib,inventory_only,Ownership hint only; server authorization remains endpoint-specific.
functions/api/_lib/vehicle-catalog.js,platform_core,_lib,inventory_only,Ownership hint only; server authorization remains endpoint-specific.
functions/api/_lib/vehicle-media-scoring.js,platform_core,_lib,inventory_only,Ownership hint only; server authorization remains endpoint-specific.
functions/api/_lib/water-restrictions.js,platform_core,_lib,inventory_only,Ownership hint only; server authorization remains endpoint-specific.
functions/api/admin/_lib/accounting-gl.js,admin,admin/_lib,inventory_only,Ownership hint only; server authorization remains endpoint-specific.
functions/api/admin/_lib/accounting.js,admin,admin/_lib,inventory_only,Ownership hint only; server authorization remains endpoint-specific.
functions/api/admin/_lib/analytics-rollups.js,admin,admin/_lib,inventory_only,Ownership hint only; server authorization remains endpoint-specific.
functions/api/admin/_lib/app-settings.js,admin,admin/_lib,inventory_only,Ownership hint only; server authorization remains endpoint-specific.
functions/api/admin/_lib/booking-documents.js,admin,admin/_lib,inventory_only,Ownership hint only; server authorization remains endpoint-specific.
functions/api/admin/_lib/booking-location.js,admin,admin/_lib,inventory_only,Ownership hint only; server authorization remains endpoint-specific.
functions/api/admin/_lib/catalog-movements.js,admin,admin/_lib,inventory_only,Ownership hint only; server authorization remains endpoint-specific.
functions/api/admin/_lib/crew-assignments.js,admin,admin/_lib,inventory_only,Ownership hint only; server authorization remains endpoint-specific.
functions/api/admin/_lib/customer-auth-tokens.js,admin,admin/_lib,inventory_only,Ownership hint only; server authorization remains endpoint-specific.
functions/api/admin/_lib/customer-session.js,admin,admin/_lib,inventory_only,Ownership hint only; server authorization remains endpoint-specific.
functions/api/admin/_lib/gift-delivery.js,admin,admin/_lib,inventory_only,Ownership hint only; server authorization remains endpoint-specific.
functions/api/admin/_lib/http.js,admin,admin/_lib,inventory_only,Ownership hint only; server authorization remains endpoint-specific.
functions/api/admin/_lib/membership-reminders.js,admin,admin/_lib,inventory_only,Ownership hint only; server authorization remains endpoint-specific.
functions/api/admin/_lib/notification-hooks.js,admin,admin/_lib,inventory_only,Ownership hint only; server authorization remains endpoint-specific.
functions/api/admin/_lib/payroll.js,admin,admin/_lib,inventory_only,Ownership hint only; server authorization remains endpoint-specific.
functions/api/admin/_lib/pricing-catalog.js,admin,admin/_lib,inventory_only,Ownership hint only; server authorization remains endpoint-specific.
functions/api/admin/_lib/provider-dispatch.js,admin,admin/_lib,inventory_only,Ownership hint only; server authorization remains endpoint-specific.
functions/api/admin/_lib/staff-auth.js,admin,admin/_lib,inventory_only,Ownership hint only; server authorization remains endpoint-specific.
functions/api/admin/_lib/staff-session.js,admin,admin/_lib,inventory_only,Ownership hint only; server authorization remains endpoint-specific.
functions/api/admin/_lib/vehicle-catalog.js,admin,admin/_lib,inventory_only,Ownership hint only; server authorization remains endpoint-specific.
functions/api/admin/_lib/vehicle-media-scoring.js,admin,admin/_lib,inventory_only,Ownership hint only; server authorization remains endpoint-specific.
functions/api/admin/abandoned_orders_list.js,admin,admin,inventory_only,Ownership hint only; server authorization remains endpoint-specific.
functions/api/admin/abandoned_recovery_enqueue.js,admin,admin,inventory_only,Ownership hint only; server authorization remains endpoint-specific.
functions/api/admin/accounting_accounts_list.js,admin,admin,inventory_only,Ownership hint only; server authorization remains endpoint-specific.
functions/api/admin/accounting_bank_reconciliation.js,admin,admin,inventory_only,Ownership hint only; server authorization remains endpoint-specific.
functions/api/admin/accounting_document_upload_url.js,admin,admin,inventory_only,Ownership hint only; server authorization remains endpoint-specific.
functions/api/admin/accounting_documents.js,admin,admin,inventory_only,Ownership hint only; server authorization remains endpoint-specific.
functions/api/admin/accounting_entry_save.js,admin,admin,inventory_only,Ownership hint only; server authorization remains endpoint-specific.
functions/api/admin/accounting_export.js,admin,admin,inventory_only,Ownership hint only; server authorization remains endpoint-specific.
functions/api/admin/accounting_list.js,admin,admin,inventory_only,Ownership hint only; server authorization remains endpoint-specific.
functions/api/admin/accounting_month_end_checklist.js,admin,admin,inventory_only,Ownership hint only; server authorization remains endpoint-specific.
functions/api/admin/accounting_owner_report.js,admin,admin,inventory_only,Ownership hint only; server authorization remains endpoint-specific.
functions/api/admin/accounting_payable_settle.js,admin,admin,inventory_only,Ownership hint only; server authorization remains endpoint-specific.
functions/api/admin/accounting_payables_list.js,admin,admin,inventory_only,Ownership hint only; server authorization remains endpoint-specific.
functions/api/admin/accounting_payroll_payout_reconciliation.js,admin,admin,inventory_only,Ownership hint only; server authorization remains endpoint-specific.
functions/api/admin/accounting_period_close.js,admin,admin,inventory_only,Ownership hint only; server authorization remains endpoint-specific.
functions/api/admin/accounting_recurring_expenses.js,admin,admin,inventory_only,Ownership hint only; server authorization remains endpoint-specific.
functions/api/admin/accounting_remittance_post.js,admin,admin,inventory_only,Ownership hint only; server authorization remains endpoint-specific.
functions/api/admin/accounting_report.js,admin,admin,inventory_only,Ownership hint only; server authorization remains endpoint-specific.
functions/api/admin/accounting_statement_report.js,admin,admin,inventory_only,Ownership hint only; server authorization remains endpoint-specific.
functions/api/admin/accounting_tax_report.js,admin,admin,inventory_only,Ownership hint only; server authorization remains endpoint-specific.
functions/api/admin/accounting_vendors.js,admin,admin,inventory_only,Ownership hint only; server authorization remains endpoint-specific.
functions/api/admin/accounting_year_end_report.js,admin,admin,inventory_only,Ownership hint only; server authorization remains endpoint-specific.
functions/api/admin/analytics_overview.js,admin,admin,inventory_only,Ownership hint only; server authorization remains endpoint-specific.
functions/api/admin/analytics_registry_add_event.js,admin,admin,inventory_only,Ownership hint only; server authorization remains endpoint-specific.
functions/api/admin/analytics_registry_warnings.js,admin,admin,inventory_only,Ownership hint only; server authorization remains endpoint-specific.
functions/api/admin/analytics_rollups_refresh.js,admin,admin,inventory_only,Ownership hint only; server authorization remains endpoint-specific.
functions/api/admin/app_settings_get.js,admin,admin,inventory_only,Ownership hint only; server authorization remains endpoint-specific.
functions/api/admin/app_settings_save.js,admin,admin,inventory_only,Ownership hint only; server authorization remains endpoint-specific.
functions/api/admin/assign.js,admin,admin,inventory_only,Ownership hint only; server authorization remains endpoint-specific.
functions/api/admin/assign_booking.js,admin,admin,inventory_only,Ownership hint only; server authorization remains endpoint-specific.
functions/api/admin/attention_task_action.js,admin,admin,inventory_only,Ownership hint only; server authorization remains endpoint-specific.
functions/api/admin/auth_bootstrap_admin_password.js,admin,admin,inventory_only,Ownership hint only; server authorization remains endpoint-specific.
functions/api/admin/auth_change_my_password.js,admin,admin,inventory_only,Ownership hint only; server authorization remains endpoint-specific.
functions/api/admin/auth_login.js,admin,admin,inventory_only,Ownership hint only; server authorization remains endpoint-specific.
functions/api/admin/auth_logout.js,admin,admin,inventory_only,Ownership hint only; server authorization remains endpoint-specific.
functions/api/admin/auth_me.js,admin,admin,inventory_only,Ownership hint only; server authorization remains endpoint-specific.
functions/api/admin/auth_set_password.js,admin,admin,inventory_only,Ownership hint only; server authorization remains endpoint-specific.
functions/api/admin/block_date.js,admin,admin,inventory_only,Ownership hint only; server authorization remains endpoint-specific.
functions/api/admin/block_slot.js,admin,admin,inventory_only,Ownership hint only; server authorization remains endpoint-specific.
functions/api/admin/blocks.js,admin,admin,inventory_only,Ownership hint only; server authorization remains endpoint-specific.
functions/api/admin/blocks_list.js,admin,admin,inventory_only,Ownership hint only; server authorization remains endpoint-specific.
functions/api/admin/blocks_range_save.js,admin,admin,inventory_only,Ownership hint only; server authorization remains endpoint-specific.
functions/api/admin/blocks_save.js,admin,admin,inventory_only,Ownership hint only; server authorization remains endpoint-specific.
functions/api/admin/booking_assignment_map.js,operations,admin,inventory_only,Ownership hint only; server authorization remains endpoint-specific.
functions/api/admin/booking_availability.js,admin,admin,inventory_only,Ownership hint only; server authorization remains endpoint-specific.
functions/api/admin/booking_cancel.js,admin,admin,inventory_only,Ownership hint only; server authorization remains endpoint-specific.
functions/api/admin/booking_complete.js,admin,admin,inventory_only,Ownership hint only; server authorization remains endpoint-specific.
functions/api/admin/booking_confirm.js,admin,admin,inventory_only,Ownership hint only; server authorization remains endpoint-specific.
functions/api/admin/booking_customer_link.js,admin,admin,inventory_only,Ownership hint only; server authorization remains endpoint-specific.
functions/api/admin/booking_detail.js,admin,admin,inventory_only,Ownership hint only; server authorization remains endpoint-specific.
functions/api/admin/booking_finance.js,admin,admin,inventory_only,Ownership hint only; server authorization remains endpoint-specific.
functions/api/admin/booking_form_data.js,admin,admin,inventory_only,Ownership hint only; server authorization remains endpoint-specific.
functions/api/admin/booking_save.js,admin,admin,inventory_only,Ownership hint only; server authorization remains endpoint-specific.
functions/api/admin/booking_update.js,admin,admin,inventory_only,Ownership hint only; server authorization remains endpoint-specific.
functions/api/admin/booking_vehicle_size_review.js,admin,admin,inventory_only,Ownership hint only; server authorization remains endpoint-specific.
functions/api/admin/bookings.js,operations,admin,inventory_only,Ownership hint only; server authorization remains endpoint-specific.
functions/api/admin/bookings_delete.js,admin,admin,inventory_only,Ownership hint only; server authorization remains endpoint-specific.
functions/api/admin/bookings_search.js,admin,admin,inventory_only,Ownership hint only; server authorization remains endpoint-specific.
functions/api/admin/catalog_amazon_matches.js,admin,admin,inventory_only,Ownership hint only; server authorization remains endpoint-specific.
functions/api/admin/catalog_bulk_import.js,admin,admin,inventory_only,Ownership hint only; server authorization remains endpoint-specific.
functions/api/admin/catalog_bulk_visibility.js,admin,admin,inventory_only,Ownership hint only; server authorization remains endpoint-specific.
functions/api/admin/catalog_inventory_audit_list.js,admin,admin,inventory_only,Ownership hint only; server authorization remains endpoint-specific.
functions/api/admin/catalog_inventory_bulk_update.js,admin,admin,inventory_only,Ownership hint only; server authorization remains endpoint-specific.
functions/api/admin/catalog_inventory_list.js,admin,admin,inventory_only,Ownership hint only; server authorization remains endpoint-specific.
functions/api/admin/catalog_inventory_merge.js,admin,admin,inventory_only,Ownership hint only; server authorization remains endpoint-specific.
functions/api/admin/catalog_inventory_post.js,admin,admin,inventory_only,Ownership hint only; server authorization remains endpoint-specific.
functions/api/admin/catalog_inventory_post_reverse.js,admin,admin,inventory_only,Ownership hint only; server authorization remains endpoint-specific.
functions/api/admin/catalog_inventory_posting_list.js,admin,admin,inventory_only,Ownership hint only; server authorization remains endpoint-specific.
functions/api/admin/catalog_inventory_project_reservations.js,admin,admin,inventory_only,Ownership hint only; server authorization remains endpoint-specific.
functions/api/admin/catalog_inventory_save.js,admin,admin,inventory_only,Ownership hint only; server authorization remains endpoint-specific.
functions/api/admin/catalog_items_get.js,admin,admin,inventory_only,Ownership hint only; server authorization remains endpoint-specific.
functions/api/admin/catalog_items_save.js,admin,admin,inventory_only,Ownership hint only; server authorization remains endpoint-specific.
functions/api/admin/catalog_low_stock_list.js,admin,admin,inventory_only,Ownership hint only; server authorization remains endpoint-specific.
functions/api/admin/catalog_publish_readiness.js,admin,admin,inventory_only,Ownership hint only; server authorization remains endpoint-specific.
functions/api/admin/catalog_purchase_order_remind.js,admin,admin,inventory_only,Ownership hint only; server authorization remains endpoint-specific.
functions/api/admin/catalog_purchase_order_update.js,admin,admin,inventory_only,Ownership hint only; server authorization remains endpoint-specific.
functions/api/admin/catalog_purchase_orders_list.js,admin,admin,inventory_only,Ownership hint only; server authorization remains endpoint-specific.
functions/api/admin/catalog_readiness_report.js,admin,admin,inventory_only,Ownership hint only; server authorization remains endpoint-specific.
functions/api/admin/catalog_reorder_request.js,admin,admin,inventory_only,Ownership hint only; server authorization remains endpoint-specific.
functions/api/admin/catalog_stock_action.js,admin,admin,inventory_only,Ownership hint only; server authorization remains endpoint-specific.
functions/api/admin/catalog_supplier_link_preview.js,admin,admin,inventory_only,Ownership hint only; server authorization remains endpoint-specific.
functions/api/admin/catalog_usage_add.js,admin,admin,inventory_only,Ownership hint only; server authorization remains endpoint-specific.
functions/api/admin/catalog_usage_list.js,admin,admin,inventory_only,Ownership hint only; server authorization remains endpoint-specific.
functions/api/admin/content_blocks_list.js,admin,admin,inventory_only,Ownership hint only; server authorization remains endpoint-specific.
functions/api/admin/content_blocks_save.js,admin,admin,inventory_only,Ownership hint only; server authorization remains endpoint-specific.
functions/api/admin/content_faqs_list.js,admin,admin,inventory_only,Ownership hint only; server authorization remains endpoint-specific.
functions/api/admin/content_faqs_save.js,admin,admin,inventory_only,Ownership hint only; server authorization remains endpoint-specific.
functions/api/admin/conversion_funnel_summary.js,admin,admin,inventory_only,Ownership hint only; server authorization remains endpoint-specific.
functions/api/admin/creative_project_advanced_action.js,admin,admin,inventory_only,Ownership hint only; server authorization remains endpoint-specific.
functions/api/admin/creative_project_archive_download.js,admin,admin,inventory_only,Ownership hint only; server authorization remains endpoint-specific.
functions/api/admin/creative_project_batch_approval.js,admin,admin,inventory_only,Ownership hint only; server authorization remains endpoint-specific.
functions/api/admin/creative_project_booking_link.js,admin,admin,inventory_only,Ownership hint only; server authorization remains endpoint-specific.
functions/api/admin/creative_project_daip_associate.js,admin,admin,inventory_only,Ownership hint only; server authorization remains endpoint-specific.
functions/api/admin/creative_project_detail.js,admin,admin,inventory_only,Ownership hint only; server authorization remains endpoint-specific.
functions/api/admin/creative_project_draft_save.js,admin,admin,inventory_only,Ownership hint only; server authorization remains endpoint-specific.
functions/api/admin/creative_project_line_action.js,admin,admin,inventory_only,Ownership hint only; server authorization remains endpoint-specific.
functions/api/admin/creative_project_line_save.js,admin,admin,inventory_only,Ownership hint only; server authorization remains endpoint-specific.
functions/api/admin/creative_project_link_action.js,admin,admin,inventory_only,Ownership hint only; server authorization remains endpoint-specific.
functions/api/admin/creative_project_output_save.js,admin,admin,inventory_only,Ownership hint only; server authorization remains endpoint-specific.
functions/api/admin/creative_project_save.js,admin,admin,inventory_only,Ownership hint only; server authorization remains endpoint-specific.
functions/api/admin/creative_project_session_save.js,admin,admin,inventory_only,Ownership hint only; server authorization remains endpoint-specific.
functions/api/admin/creative_projects_dashboard.js,admin,admin,inventory_only,Ownership hint only; server authorization remains endpoint-specific.
functions/api/admin/customer_account_help_action.js,admin,admin,inventory_only,Ownership hint only; server authorization remains endpoint-specific.
functions/api/admin/customer_account_help_list.js,admin,admin,inventory_only,Ownership hint only; server authorization remains endpoint-specific.
functions/api/admin/customer_admin_access_action.js,admin,admin,inventory_only,Ownership hint only; server authorization remains endpoint-specific.
functions/api/admin/customer_admin_detail.js,admin,admin,inventory_only,Ownership hint only; server authorization remains endpoint-specific.
functions/api/admin/customer_admin_list.js,admin,admin,inventory_only,Ownership hint only; server authorization remains endpoint-specific.
functions/api/admin/customer_admin_save.js,admin,admin,inventory_only,Ownership hint only; server authorization remains endpoint-specific.
functions/api/admin/customer_profiles_list.js,admin,admin,inventory_only,Ownership hint only; server authorization remains endpoint-specific.
functions/api/admin/customer_profiles_save.js,admin,admin,inventory_only,Ownership hint only; server authorization remains endpoint-specific.
functions/api/admin/customer_tiers_delete.js,admin,admin,inventory_only,Ownership hint only; server authorization remains endpoint-specific.
functions/api/admin/customer_tiers_list.js,admin,admin,inventory_only,Ownership hint only; server authorization remains endpoint-specific.
functions/api/admin/customer_tiers_save.js,admin,admin,inventory_only,Ownership hint only; server authorization remains endpoint-specific.
functions/api/admin/customers_delete.js,admin,admin,inventory_only,Ownership hint only; server authorization remains endpoint-specific.
functions/api/admin/customers_detail.js,admin,admin,inventory_only,Ownership hint only; server authorization remains endpoint-specific.
functions/api/admin/customers_list.js,admin,admin,inventory_only,Ownership hint only; server authorization remains endpoint-specific.
functions/api/admin/customers_save.js,admin,admin,inventory_only,Ownership hint only; server authorization remains endpoint-specific.
functions/api/admin/daip_gate_c_technical_review_dashboard.js,admin,admin,inventory_only,Ownership hint only; server authorization remains endpoint-specific.
functions/api/admin/daip_gate_c_technical_review_save.js,admin,admin,inventory_only,Ownership hint only; server authorization remains endpoint-specific.
functions/api/admin/daip_governance_dashboard.js,admin,admin,inventory_only,Ownership hint only; server authorization remains endpoint-specific.
functions/api/admin/daip_governance_decision_save.js,admin,admin,inventory_only,Ownership hint only; server authorization remains endpoint-specific.
functions/api/admin/daip_intake_dry_run_dashboard.js,admin,admin,inventory_only,Ownership hint only; server authorization remains endpoint-specific.
functions/api/admin/daip_intake_dry_run_save.js,admin,admin,inventory_only,Ownership hint only; server authorization remains endpoint-specific.
functions/api/admin/daip_intake_policy_save.js,admin,admin,inventory_only,Ownership hint only; server authorization remains endpoint-specific.
functions/api/admin/daip_media_abort.js,admin,admin,inventory_only,Ownership hint only; server authorization remains endpoint-specific.
functions/api/admin/daip_media_asset_review.js,admin,admin,inventory_only,Ownership hint only; server authorization remains endpoint-specific.
functions/api/admin/daip_media_complete.js,admin,admin,inventory_only,Ownership hint only; server authorization remains endpoint-specific.
functions/api/admin/daip_media_dashboard.js,admin,admin,inventory_only,Ownership hint only; server authorization remains endpoint-specific.
functions/api/admin/daip_media_job_action.js,admin,admin,inventory_only,Ownership hint only; server authorization remains endpoint-specific.
functions/api/admin/daip_media_part.js,admin,admin,inventory_only,Ownership hint only; server authorization remains endpoint-specific.
functions/api/admin/daip_media_session_parts.js,admin,admin,inventory_only,Ownership hint only; server authorization remains endpoint-specific.
functions/api/admin/daip_media_start.js,admin,admin,inventory_only,Ownership hint only; server authorization remains endpoint-specific.
functions/api/admin/daip_phase1_readiness_dashboard.js,admin,admin,inventory_only,Ownership hint only; server authorization remains endpoint-specific.
functions/api/admin/daip_phase1_readiness_save.js,admin,admin,inventory_only,Ownership hint only; server authorization remains endpoint-specific.
functions/api/admin/daip_private_mvp_design_dashboard.js,admin,admin,inventory_only,Ownership hint only; server authorization remains endpoint-specific.
functions/api/admin/daip_private_mvp_design_save.js,admin,admin,inventory_only,Ownership hint only; server authorization remains endpoint-specific.
functions/api/admin/daip_test_asset_register.js,admin,admin,inventory_only,Ownership hint only; server authorization remains endpoint-specific.
functions/api/admin/daip_test_dashboard.js,admin,admin,inventory_only,Ownership hint only; server authorization remains endpoint-specific.
functions/api/admin/daip_test_job_archive.js,admin,admin,inventory_only,Ownership hint only; server authorization remains endpoint-specific.
functions/api/admin/daip_test_job_create.js,admin,admin,inventory_only,Ownership hint only; server authorization remains endpoint-specific.
functions/api/admin/daip_test_privacy_review_save.js,admin,admin,inventory_only,Ownership hint only; server authorization remains endpoint-specific.
functions/api/admin/dashboard_summary.js,admin,admin,inventory_only,Ownership hint only; server authorization remains endpoint-specific.
functions/api/admin/day_schedule.js,admin,admin,inventory_only,Ownership hint only; server authorization remains endpoint-specific.
functions/api/admin/document_template_preview.js,admin,admin,inventory_only,Ownership hint only; server authorization remains endpoint-specific.
functions/api/admin/document_template_send_test.js,admin,admin,inventory_only,Ownership hint only; server authorization remains endpoint-specific.
functions/api/admin/editable_content_audit.js,admin,admin,inventory_only,Ownership hint only; server authorization remains endpoint-specific.
functions/api/admin/editable_navigation_link_scan.js,admin,admin,inventory_only,Ownership hint only; server authorization remains endpoint-specific.
functions/api/admin/editable_setting_dependency_map.js,admin,admin,inventory_only,Ownership hint only; server authorization remains endpoint-specific.
functions/api/admin/editable_settings_audit_export.js,admin,admin,inventory_only,Ownership hint only; server authorization remains endpoint-specific.
functions/api/admin/editable_settings_fallback_report.js,admin,admin,inventory_only,Ownership hint only; server authorization remains endpoint-specific.
functions/api/admin/editable_site_settings.js,admin,admin,inventory_only,Ownership hint only; server authorization remains endpoint-specific.
functions/api/admin/editable_site_settings_compare.js,admin,admin,inventory_only,Ownership hint only; server authorization remains endpoint-specific.
functions/api/admin/editable_site_settings_history.js,admin,admin,inventory_only,Ownership hint only; server authorization remains endpoint-specific.
functions/api/admin/editable_site_settings_history_diff.js,admin,admin,inventory_only,Ownership hint only; server authorization remains endpoint-specific.
functions/api/admin/editable_site_settings_restore.js,admin,admin,inventory_only,Ownership hint only; server authorization remains endpoint-specific.
functions/api/admin/editable_site_settings_status.js,admin,admin,inventory_only,Ownership hint only; server authorization remains endpoint-specific.
functions/api/admin/editable_site_settings_sync.js,admin,admin,inventory_only,Ownership hint only; server authorization remains endpoint-specific.
functions/api/admin/editable_site_settings_validate.js,admin,admin,inventory_only,Ownership hint only; server authorization remains endpoint-specific.
functions/api/admin/final_balance_checkout_create.js,admin,admin,inventory_only,Ownership hint only; server authorization remains endpoint-specific.
functions/api/admin/final_balance_request_create.js,admin,admin,inventory_only,Ownership hint only; server authorization remains endpoint-specific.
functions/api/admin/final_balance_request_manage.js,admin,admin,inventory_only,Ownership hint only; server authorization remains endpoint-specific.
functions/api/admin/final_balance_requests_list.js,admin,admin,inventory_only,Ownership hint only; server authorization remains endpoint-specific.
functions/api/admin/gallery_approvals_list.js,admin,admin,inventory_only,Ownership hint only; server authorization remains endpoint-specific.
functions/api/admin/gallery_approvals_save.js,admin,admin,inventory_only,Ownership hint only; server authorization remains endpoint-specific.
functions/api/admin/gallery_image_health_report.js,admin,admin,inventory_only,Ownership hint only; server authorization remains endpoint-specific.
functions/api/admin/gallery_media_candidates_list.js,admin,admin,inventory_only,Ownership hint only; server authorization remains endpoint-specific.
functions/api/admin/incident_report_save.js,admin,admin,inventory_only,Ownership hint only; server authorization remains endpoint-specific.
functions/api/admin/incident_report_upload.js,admin,admin,inventory_only,Ownership hint only; server authorization remains endpoint-specific.
functions/api/admin/incident_reports_list.js,admin,admin,inventory_only,Ownership hint only; server authorization remains endpoint-specific.
functions/api/admin/integration_status.js,admin,admin,inventory_only,Ownership hint only; server authorization remains endpoint-specific.
functions/api/admin/invoice_export_package.js,admin,admin,inventory_only,Ownership hint only; server authorization remains endpoint-specific.
functions/api/admin/job_completion_detail.js,admin,admin,inventory_only,Ownership hint only; server authorization remains endpoint-specific.
functions/api/admin/job_completion_save.js,admin,admin,inventory_only,Ownership hint only; server authorization remains endpoint-specific.
functions/api/admin/job_summary_generate.js,admin,admin,inventory_only,Ownership hint only; server authorization remains endpoint-specific.
functions/api/admin/job_time_entries_get.js,admin,admin,inventory_only,Ownership hint only; server authorization remains endpoint-specific.
functions/api/admin/job_time_entry_post.js,admin,admin,inventory_only,Ownership hint only; server authorization remains endpoint-specific.
functions/api/admin/job_time_summary_get.js,admin,admin,inventory_only,Ownership hint only; server authorization remains endpoint-specific.
functions/api/admin/jobsite_delete.js,admin,admin,inventory_only,Ownership hint only; server authorization remains endpoint-specific.
functions/api/admin/jobsite_detail.js,admin,admin,inventory_only,Ownership hint only; server authorization remains endpoint-specific.
functions/api/admin/jobsite_intake_get.js,admin,admin,inventory_only,Ownership hint only; server authorization remains endpoint-specific.
functions/api/admin/jobsite_intake_save.js,admin,admin,inventory_only,Ownership hint only; server authorization remains endpoint-specific.
functions/api/admin/jobsite_list.js,admin,admin,inventory_only,Ownership hint only; server authorization remains endpoint-specific.
functions/api/admin/jobsite_save.js,admin,admin,inventory_only,Ownership hint only; server authorization remains endpoint-specific.
functions/api/admin/launch_readiness_evidence_list.js,admin,admin,inventory_only,Ownership hint only; server authorization remains endpoint-specific.
functions/api/admin/launch_readiness_evidence_save.js,admin,admin,inventory_only,Ownership hint only; server authorization remains endpoint-specific.
functions/api/admin/lead_conversion_create_booking.js,admin,admin,inventory_only,Ownership hint only; server authorization remains endpoint-specific.
functions/api/admin/lead_conversion_draft_save.js,admin,admin,inventory_only,Ownership hint only; server authorization remains endpoint-specific.
functions/api/admin/lead_conversion_drafts_list.js,admin,admin,inventory_only,Ownership hint only; server authorization remains endpoint-specific.
functions/api/admin/lead_conversion_price_reconcile.js,admin,admin,inventory_only,Ownership hint only; server authorization remains endpoint-specific.
functions/api/admin/lead_conversion_price_review_save.js,admin,admin,inventory_only,Ownership hint only; server authorization remains endpoint-specific.
functions/api/admin/lead_conversion_status_save.js,admin,admin,inventory_only,Ownership hint only; server authorization remains endpoint-specific.
functions/api/admin/lead_quote_preview.js,admin,admin,inventory_only,Ownership hint only; server authorization remains endpoint-specific.
functions/api/admin/live_interaction_audit_export.js,admin,admin,inventory_only,Ownership hint only; server authorization remains endpoint-specific.
functions/api/admin/live_interaction_report.js,admin,admin,inventory_only,Ownership hint only; server authorization remains endpoint-specific.
functions/api/admin/live_list.js,operations,admin,inventory_only,Ownership hint only; server authorization remains endpoint-specific.
functions/api/admin/local_seo_proof_report.js,admin,admin,inventory_only,Ownership hint only; server authorization remains endpoint-specific.
functions/api/admin/local_seo_proof_tasks_list.js,admin,admin,inventory_only,Ownership hint only; server authorization remains endpoint-specific.
functions/api/admin/local_seo_proof_tasks_save.js,admin,admin,inventory_only,Ownership hint only; server authorization remains endpoint-specific.
functions/api/admin/local_seo_task_cards_list.js,admin,admin,inventory_only,Ownership hint only; server authorization remains endpoint-specific.
functions/api/admin/local_seo_task_cards_save.js,admin,admin,inventory_only,Ownership hint only; server authorization remains endpoint-specific.
functions/api/admin/markdown_sanity_report.js,admin,admin,inventory_only,Ownership hint only; server authorization remains endpoint-specific.
functions/api/admin/media_asset_alert_action.js,admin,admin,inventory_only,Ownership hint only; server authorization remains endpoint-specific.
functions/api/admin/media_asset_alerts_list.js,admin,admin,inventory_only,Ownership hint only; server authorization remains endpoint-specific.
functions/api/admin/media_asset_health_scan.js,admin,admin,inventory_only,Ownership hint only; server authorization remains endpoint-specific.
functions/api/admin/media_asset_tasks_list.js,admin,admin,inventory_only,Ownership hint only; server authorization remains endpoint-specific.
functions/api/admin/media_asset_tasks_save.js,admin,admin,inventory_only,Ownership hint only; server authorization remains endpoint-specific.
functions/api/admin/media_asset_upload.js,admin,admin,inventory_only,Ownership hint only; server authorization remains endpoint-specific.
functions/api/admin/media_delete.js,admin,admin,inventory_only,Ownership hint only; server authorization remains endpoint-specific.
functions/api/admin/media_library_list.js,admin,admin,inventory_only,Ownership hint only; server authorization remains endpoint-specific.
functions/api/admin/media_list.js,admin,admin,inventory_only,Ownership hint only; server authorization remains endpoint-specific.
functions/api/admin/media_privacy_review_summary.js,admin,admin,inventory_only,Ownership hint only; server authorization remains endpoint-specific.
functions/api/admin/media_requirements_compare.js,admin,admin,inventory_only,Ownership hint only; server authorization remains endpoint-specific.
functions/api/admin/media_save.js,admin,admin,inventory_only,Ownership hint only; server authorization remains endpoint-specific.
functions/api/admin/membership_interest_list.js,admin,admin,inventory_only,Ownership hint only; server authorization remains endpoint-specific.
functions/api/admin/month_end_close_checklist.js,admin,admin,inventory_only,Ownership hint only; server authorization remains endpoint-specific.
functions/api/admin/notification_provider_test.js,admin,admin,inventory_only,Ownership hint only; server authorization remains endpoint-specific.
functions/api/admin/notifications_list.js,admin,admin,inventory_only,Ownership hint only; server authorization remains endpoint-specific.
functions/api/admin/notifications_process.js,admin,admin,inventory_only,Ownership hint only; server authorization remains endpoint-specific.
functions/api/admin/observation_annotation_moderate.js,admin,admin,inventory_only,Ownership hint only; server authorization remains endpoint-specific.
functions/api/admin/observation_annotation_post.js,admin,admin,inventory_only,Ownership hint only; server authorization remains endpoint-specific.
functions/api/admin/override_log_list.js,admin,admin,inventory_only,Ownership hint only; server authorization remains endpoint-specific.
functions/api/admin/payment_accountant_export_full.js,admin,admin,inventory_only,Ownership hint only; server authorization remains endpoint-specific.
functions/api/admin/payment_accountant_package_export.js,admin,admin,inventory_only,Ownership hint only; server authorization remains endpoint-specific.
functions/api/admin/payment_application_save.js,admin,admin,inventory_only,Ownership hint only; server authorization remains endpoint-specific.
functions/api/admin/payment_applications_list.js,admin,admin,inventory_only,Ownership hint only; server authorization remains endpoint-specific.
functions/api/admin/payment_processor_fee_save.js,admin,admin,inventory_only,Ownership hint only; server authorization remains endpoint-specific.
functions/api/admin/payment_receipt_resend.js,admin,admin,inventory_only,Ownership hint only; server authorization remains endpoint-specific.
functions/api/admin/payment_receipt_retry_queue.js,admin,admin,inventory_only,Ownership hint only; server authorization remains endpoint-specific.
functions/api/admin/payment_reconciliation_export.js,admin,admin,inventory_only,Ownership hint only; server authorization remains endpoint-specific.
functions/api/admin/payment_refund_retry_scan.js,admin,admin,inventory_only,Ownership hint only; server authorization remains endpoint-specific.
functions/api/admin/payment_refund_status_poll.js,admin,admin,inventory_only,Ownership hint only; server authorization remains endpoint-specific.
functions/api/admin/payment_tax_review_summary.js,admin,admin,inventory_only,Ownership hint only; server authorization remains endpoint-specific.
functions/api/admin/payment_variance_summary.js,admin,admin,inventory_only,Ownership hint only; server authorization remains endpoint-specific.
functions/api/admin/payment_webhook_event_replay.js,admin,admin,inventory_only,Ownership hint only; server authorization remains endpoint-specific.
functions/api/admin/payment_webhook_events_list.js,admin,admin,inventory_only,Ownership hint only; server authorization remains endpoint-specific.
functions/api/admin/payment_webhook_warnings_summary.js,admin,admin,inventory_only,Ownership hint only; server authorization remains endpoint-specific.
functions/api/admin/payroll_run_save.js,admin,admin,inventory_only,Ownership hint only; server authorization remains endpoint-specific.
functions/api/admin/payroll_summary.js,admin,admin,inventory_only,Ownership hint only; server authorization remains endpoint-specific.
functions/api/admin/photo_assignment_save.js,admin,admin,inventory_only,Ownership hint only; server authorization remains endpoint-specific.
functions/api/admin/photo_estimate_uploads_list.js,admin,admin,inventory_only,Ownership hint only; server authorization remains endpoint-specific.
functions/api/admin/photo_estimate_uploads_save.js,admin,admin,inventory_only,Ownership hint only; server authorization remains endpoint-specific.
functions/api/admin/photo_library_delete.js,admin,admin,inventory_only,Ownership hint only; server authorization remains endpoint-specific.
functions/api/admin/photo_library_health.js,admin,admin,inventory_only,Ownership hint only; server authorization remains endpoint-specific.
functions/api/admin/photo_library_list.js,admin,admin,inventory_only,Ownership hint only; server authorization remains endpoint-specific.
functions/api/admin/photo_library_move.js,admin,admin,inventory_only,Ownership hint only; server authorization remains endpoint-specific.
functions/api/admin/photo_library_save.js,admin,admin,inventory_only,Ownership hint only; server authorization remains endpoint-specific.
functions/api/admin/photo_library_sync.js,admin,admin,inventory_only,Ownership hint only; server authorization remains endpoint-specific.
functions/api/admin/pricing_catalog_diagnostics.js,admin,admin,inventory_only,Ownership hint only; server authorization remains endpoint-specific.
functions/api/admin/pricing_catalog_repair.js,admin,admin,inventory_only,Ownership hint only; server authorization remains endpoint-specific.
functions/api/admin/pricing_suggestions_for_lead.js,admin,admin,inventory_only,Ownership hint only; server authorization remains endpoint-specific.
functions/api/admin/production_reliability_report.js,admin,admin,inventory_only,Ownership hint only; server authorization remains endpoint-specific.
functions/api/admin/production_test_run_save.js,admin,admin,inventory_only,Ownership hint only; server authorization remains endpoint-specific.
functions/api/admin/production_test_runs_list.js,admin,admin,inventory_only,Ownership hint only; server authorization remains endpoint-specific.
functions/api/admin/progress_comment_moderate.js,admin,admin,inventory_only,Ownership hint only; server authorization remains endpoint-specific.
functions/api/admin/progress_comment_post.js,admin,admin,inventory_only,Ownership hint only; server authorization remains endpoint-specific.
functions/api/admin/progress_convert_incident.js,admin,admin,inventory_only,Ownership hint only; server authorization remains endpoint-specific.
functions/api/admin/progress_delete.js,admin,admin,inventory_only,Ownership hint only; server authorization remains endpoint-specific.
functions/api/admin/progress_detail.js,admin,admin,inventory_only,Ownership hint only; server authorization remains endpoint-specific.
functions/api/admin/progress_enable.js,admin,admin,inventory_only,Ownership hint only; server authorization remains endpoint-specific.
functions/api/admin/progress_list.js,operations,admin,inventory_only,Ownership hint only; server authorization remains endpoint-specific.
functions/api/admin/progress_media_post.js,admin,admin,inventory_only,Ownership hint only; server authorization remains endpoint-specific.
functions/api/admin/progress_media_reuse.js,admin,admin,inventory_only,Ownership hint only; server authorization remains endpoint-specific.
functions/api/admin/progress_moderate.js,admin,admin,inventory_only,Ownership hint only; server authorization remains endpoint-specific.
functions/api/admin/progress_post.js,admin,admin,inventory_only,Ownership hint only; server authorization remains endpoint-specific.
functions/api/admin/progress_upload_session.js,admin,admin,inventory_only,Ownership hint only; server authorization remains endpoint-specific.
functions/api/admin/progress_upload_url.js,admin,admin,inventory_only,Ownership hint only; server authorization remains endpoint-specific.
functions/api/admin/promo_create.js,admin,admin,inventory_only,Ownership hint only; server authorization remains endpoint-specific.
functions/api/admin/promo_disable.js,admin,admin,inventory_only,Ownership hint only; server authorization remains endpoint-specific.
functions/api/admin/promo_list.js,admin,admin,inventory_only,Ownership hint only; server authorization remains endpoint-specific.
functions/api/admin/promos_delete.js,admin,admin,inventory_only,Ownership hint only; server authorization remains endpoint-specific.
functions/api/admin/promos_detail.js,admin,admin,inventory_only,Ownership hint only; server authorization remains endpoint-specific.
functions/api/admin/promos_save.js,admin,admin,inventory_only,Ownership hint only; server authorization remains endpoint-specific.
functions/api/admin/promos_toggle_active.js,admin,admin,inventory_only,Ownership hint only; server authorization remains endpoint-specific.
functions/api/admin/public_inquiry_leads_list.js,admin,admin,inventory_only,Ownership hint only; server authorization remains endpoint-specific.
functions/api/admin/public_inquiry_leads_save.js,admin,admin,inventory_only,Ownership hint only; server authorization remains endpoint-specific.
functions/api/admin/quote_deposit_refund_initiate.js,admin,admin,inventory_only,Ownership hint only; server authorization remains endpoint-specific.
functions/api/admin/quote_deposit_refund_save.js,admin,admin,inventory_only,Ownership hint only; server authorization remains endpoint-specific.
functions/api/admin/quote_deposit_refunds_list.js,admin,admin,inventory_only,Ownership hint only; server authorization remains endpoint-specific.
functions/api/admin/quote_deposit_request_create.js,admin,admin,inventory_only,Ownership hint only; server authorization remains endpoint-specific.
functions/api/admin/quote_deposit_request_mark_paid.js,admin,admin,inventory_only,Ownership hint only; server authorization remains endpoint-specific.
functions/api/admin/quote_deposit_requests_list.js,admin,admin,inventory_only,Ownership hint only; server authorization remains endpoint-specific.
functions/api/admin/quote_pipeline_list.js,admin,admin,inventory_only,Ownership hint only; server authorization remains endpoint-specific.
functions/api/admin/quote_pipeline_save.js,admin,admin,inventory_only,Ownership hint only; server authorization remains endpoint-specific.
functions/api/admin/quote_proposal_deliver.js,admin,admin,inventory_only,Ownership hint only; server authorization remains endpoint-specific.
functions/api/admin/quote_proposal_drafts_list.js,admin,admin,inventory_only,Ownership hint only; server authorization remains endpoint-specific.
functions/api/admin/quote_proposal_drafts_save.js,admin,admin,inventory_only,Ownership hint only; server authorization remains endpoint-specific.
functions/api/admin/recovery_audit_list.js,admin,admin,inventory_only,Ownership hint only; server authorization remains endpoint-specific.
functions/api/admin/recovery_message_preview.js,admin,admin,inventory_only,Ownership hint only; server authorization remains endpoint-specific.
functions/api/admin/recovery_preview.js,admin,admin,inventory_only,Ownership hint only; server authorization remains endpoint-specific.
functions/api/admin/recovery_templates.js,admin,admin,inventory_only,Ownership hint only; server authorization remains endpoint-specific.
functions/api/admin/responsive_visual_report.js,admin,admin,inventory_only,Ownership hint only; server authorization remains endpoint-specific.
functions/api/admin/review_request_queue_safe.js,admin,admin,inventory_only,Ownership hint only; server authorization remains endpoint-specific.
functions/api/admin/roadmap_execution_dashboard.js,admin,admin,inventory_only,Ownership hint only; server authorization remains endpoint-specific.
functions/api/admin/roadmap_execution_save.js,admin,admin,inventory_only,Ownership hint only; server authorization remains endpoint-specific.
functions/api/admin/route_copy_parity_report.js,admin,admin,inventory_only,Ownership hint only; server authorization remains endpoint-specific.
functions/api/admin/security_posture_report.js,admin,admin,inventory_only,Ownership hint only; server authorization remains endpoint-specific.
functions/api/admin/service_area_rules.js,admin,admin,inventory_only,Ownership hint only; server authorization remains endpoint-specific.
functions/api/admin/signoff_delete.js,admin,admin,inventory_only,Ownership hint only; server authorization remains endpoint-specific.
functions/api/admin/signoff_list.js,admin,admin,inventory_only,Ownership hint only; server authorization remains endpoint-specific.
functions/api/admin/signoff_save.js,admin,admin,inventory_only,Ownership hint only; server authorization remains endpoint-specific.
functions/api/admin/sitemap_robots_preview.js,admin,admin,inventory_only,Ownership hint only; server authorization remains endpoint-specific.
functions/api/admin/social_feed_public.js,admin,admin,inventory_only,Ownership hint only; server authorization remains endpoint-specific.
functions/api/admin/social_post_create.js,admin,admin,inventory_only,Ownership hint only; server authorization remains endpoint-specific.
functions/api/admin/social_post_dispatch.js,admin,admin,inventory_only,Ownership hint only; server authorization remains endpoint-specific.
functions/api/admin/social_posts_list.js,admin,admin,inventory_only,Ownership hint only; server authorization remains endpoint-specific.
functions/api/admin/social_readiness.js,admin,admin,inventory_only,Ownership hint only; server authorization remains endpoint-specific.
functions/api/admin/social_templates_list.js,admin,admin,inventory_only,Ownership hint only; server authorization remains endpoint-specific.
functions/api/admin/staff_assignable_list.js,admin,admin,inventory_only,Ownership hint only; server authorization remains endpoint-specific.
functions/api/admin/staff_availability_delete.js,admin,admin,inventory_only,Ownership hint only; server authorization remains endpoint-specific.
functions/api/admin/staff_availability_list.js,admin,admin,inventory_only,Ownership hint only; server authorization remains endpoint-specific.
functions/api/admin/staff_availability_save.js,admin,admin,inventory_only,Ownership hint only; server authorization remains endpoint-specific.
functions/api/admin/staff_detail.js,admin,admin,inventory_only,Ownership hint only; server authorization remains endpoint-specific.
functions/api/admin/staff_list.js,admin,admin,inventory_only,Ownership hint only; server authorization remains endpoint-specific.
functions/api/admin/staff_me.js,admin,admin,inventory_only,Ownership hint only; server authorization remains endpoint-specific.
functions/api/admin/staff_save.js,admin,admin,inventory_only,Ownership hint only; server authorization remains endpoint-specific.
functions/api/admin/staff_toggle_active.js,admin,admin,inventory_only,Ownership hint only; server authorization remains endpoint-specific.
functions/api/admin/startup_process_list.js,admin,admin,inventory_only,Ownership hint only; server authorization remains endpoint-specific.
functions/api/admin/storage_retention_sweep.js,admin,admin,inventory_only,Ownership hint only; server authorization remains endpoint-specific.
functions/api/admin/structured_data_preview.js,admin,admin,inventory_only,Ownership hint only; server authorization remains endpoint-specific.
functions/api/admin/time_delete.js,admin,admin,inventory_only,Ownership hint only; server authorization remains endpoint-specific.
functions/api/admin/time_list.js,admin,admin,inventory_only,Ownership hint only; server authorization remains endpoint-specific.
functions/api/admin/time_save.js,admin,admin,inventory_only,Ownership hint only; server authorization remains endpoint-specific.
functions/api/admin/today_needs_attention_report.js,operations,admin,inventory_only,Ownership hint only; server authorization remains endpoint-specific.
functions/api/admin/unblock_date.js,admin,admin,inventory_only,Ownership hint only; server authorization remains endpoint-specific.
functions/api/admin/unblock_slot.js,admin,admin,inventory_only,Ownership hint only; server authorization remains endpoint-specific.
functions/api/admin/value_added_operations_report.js,admin,admin,inventory_only,Ownership hint only; server authorization remains endpoint-specific.
functions/api/admin/value_added_sanity_report.js,admin,admin,inventory_only,Ownership hint only; server authorization remains endpoint-specific.
functions/api/admin/vehicle_makes.js,admin,admin,inventory_only,Ownership hint only; server authorization remains endpoint-specific.
functions/api/admin/vehicle_media_delete.js,admin,admin,inventory_only,Ownership hint only; server authorization remains endpoint-specific.
functions/api/admin/vehicle_media_list.js,admin,admin,inventory_only,Ownership hint only; server authorization remains endpoint-specific.
functions/api/admin/vehicle_media_save.js,admin,admin,inventory_only,Ownership hint only; server authorization remains endpoint-specific.
functions/api/admin/vehicle_models.js,admin,admin,inventory_only,Ownership hint only; server authorization remains endpoint-specific.
functions/api/admin/visual_placeholder_report.js,admin,admin,inventory_only,Ownership hint only; server authorization remains endpoint-specific.
functions/api/admin/water_restriction_rules.js,admin,admin,inventory_only,Ownership hint only; server authorization remains endpoint-specific.
functions/api/admin/water_restrictions_audit.js,admin,admin,inventory_only,Ownership hint only; server authorization remains endpoint-specific.
functions/api/admin/workflow_command_center_report.js,admin,admin,inventory_only,Ownership hint only; server authorization remains endpoint-specific.
functions/api/analytics/ingest.js,platform_core,analytics,inventory_only,Ownership hint only; server authorization remains endpoint-specific.
functions/api/assets/admin-auth.js,platform_core,assets,inventory_only,Ownership hint only; server authorization remains endpoint-specific.
functions/api/assets/admin-menu.js,platform_core,assets,inventory_only,Ownership hint only; server authorization remains endpoint-specific.
functions/api/assets/admin-page-init.js,platform_core,assets,inventory_only,Ownership hint only; server authorization remains endpoint-specific.
functions/api/assets/admin-shell.js,platform_core,assets,inventory_only,Ownership hint only; server authorization remains endpoint-specific.
functions/api/assets/chrome.js,platform_core,assets,inventory_only,Ownership hint only; server authorization remains endpoint-specific.
functions/api/assets/client-auth.js,platform_core,assets,inventory_only,Ownership hint only; server authorization remains endpoint-specific.
functions/api/assets/config.js,platform_core,assets,inventory_only,Ownership hint only; server authorization remains endpoint-specific.
functions/api/assets/public-analytics.js,platform_core,assets,inventory_only,Ownership hint only; server authorization remains endpoint-specific.
functions/api/assets/runtime-health.js,platform_core,assets,inventory_only,Ownership hint only; server authorization remains endpoint-specific.
functions/api/assets/site.js,platform_core,assets,inventory_only,Ownership hint only; server authorization remains endpoint-specific.
functions/api/assets/visual-placeholders.js,platform_core,assets,inventory_only,Ownership hint only; server authorization remains endpoint-specific.
functions/api/assets/website-images.js,platform_core,assets,inventory_only,Ownership hint only; server authorization remains endpoint-specific.
functions/api/auth/bootstrap-admin.js,platform_core,auth,inventory_only,Ownership hint only; server authorization remains endpoint-specific.
functions/api/availability.js,platform_core,root,inventory_only,Ownership hint only; server authorization remains endpoint-specific.
functions/api/before_after_gallery_public.js,platform_core,root,inventory_only,Ownership hint only; server authorization remains endpoint-specific.
functions/api/booking_hours_status.js,platform_core,root,inventory_only,Ownership hint only; server authorization remains endpoint-specific.
functions/api/booking_vehicle_size_review.js,platform_core,root,inventory_only,Ownership hint only; server authorization remains endpoint-specific.
functions/api/catalog_public.js,platform_core,root,inventory_only,Ownership hint only; server authorization remains endpoint-specific.
functions/api/catalog_usage_add.js,platform_core,root,inventory_only,Ownership hint only; server authorization remains endpoint-specific.
functions/api/catalog_usage_list.js,platform_core,root,inventory_only,Ownership hint only; server authorization remains endpoint-specific.
functions/api/checkout.js,platform_core,root,inventory_only,Ownership hint only; server authorization remains endpoint-specific.
functions/api/client/_lib/accounting.js,customer,client/_lib,inventory_only,Ownership hint only; server authorization remains endpoint-specific.
functions/api/client/_lib/app-settings.js,customer,client/_lib,inventory_only,Ownership hint only; server authorization remains endpoint-specific.
functions/api/client/_lib/catalog-movements.js,customer,client/_lib,inventory_only,Ownership hint only; server authorization remains endpoint-specific.
functions/api/client/_lib/customer-auth-tokens.js,customer,client/_lib,inventory_only,Ownership hint only; server authorization remains endpoint-specific.
functions/api/client/_lib/customer-session.js,customer,client/_lib,inventory_only,Ownership hint only; server authorization remains endpoint-specific.
functions/api/client/_lib/http.js,customer,client/_lib,inventory_only,Ownership hint only; server authorization remains endpoint-specific.
functions/api/client/_lib/notification-hooks.js,customer,client/_lib,inventory_only,Ownership hint only; server authorization remains endpoint-specific.
functions/api/client/_lib/pricing-catalog.js,customer,client/_lib,inventory_only,Ownership hint only; server authorization remains endpoint-specific.
functions/api/client/_lib/provider-dispatch.js,customer,client/_lib,inventory_only,Ownership hint only; server authorization remains endpoint-specific.
functions/api/client/_lib/staff-auth.js,customer,client/_lib,inventory_only,Ownership hint only; server authorization remains endpoint-specific.
functions/api/client/_lib/staff-session.js,customer,client/_lib,inventory_only,Ownership hint only; server authorization remains endpoint-specific.
functions/api/client/_lib/vehicle-catalog.js,customer,client/_lib,inventory_only,Ownership hint only; server authorization remains endpoint-specific.
functions/api/client/auth_account_help.js,customer,client,inventory_only,Ownership hint only; server authorization remains endpoint-specific.
functions/api/client/auth_forgot_password.js,customer,client,inventory_only,Ownership hint only; server authorization remains endpoint-specific.
functions/api/client/auth_login.js,customer,client,inventory_only,Ownership hint only; server authorization remains endpoint-specific.
functions/api/client/auth_logout.js,customer,client,inventory_only,Ownership hint only; server authorization remains endpoint-specific.
functions/api/client/auth_me.js,customer,client,inventory_only,Ownership hint only; server authorization remains endpoint-specific.
functions/api/client/auth_resend_verification.js,customer,client,inventory_only,Ownership hint only; server authorization remains endpoint-specific.
functions/api/client/auth_reset_password.js,customer,client,inventory_only,Ownership hint only; server authorization remains endpoint-specific.
functions/api/client/auth_signup.js,customer,client,inventory_only,Ownership hint only; server authorization remains endpoint-specific.
functions/api/client/auth_verify_email.js,customer,client,inventory_only,Ownership hint only; server authorization remains endpoint-specific.
functions/api/client/dashboard.js,customer,client,inventory_only,Ownership hint only; server authorization remains endpoint-specific.
functions/api/client/gift_balance_check.js,customer,client,inventory_only,Ownership hint only; server authorization remains endpoint-specific.
functions/api/client/gift_history.js,customer,client,inventory_only,Ownership hint only; server authorization remains endpoint-specific.
functions/api/client/profile_update.js,customer,client,inventory_only,Ownership hint only; server authorization remains endpoint-specific.
functions/api/client/progress_comment_post.js,customer,client,inventory_only,Ownership hint only; server authorization remains endpoint-specific.
functions/api/client/reviews_save.js,customer,client,inventory_only,Ownership hint only; server authorization remains endpoint-specific.
functions/api/client/vehicle_media_delete.js,customer,client,inventory_only,Ownership hint only; server authorization remains endpoint-specific.
functions/api/client/vehicle_media_list.js,customer,client,inventory_only,Ownership hint only; server authorization remains endpoint-specific.
functions/api/client/vehicle_media_save.js,customer,client,inventory_only,Ownership hint only; server authorization remains endpoint-specific.
functions/api/client/vehicle_media_upload_url.js,customer,client,inventory_only,Ownership hint only; server authorization remains endpoint-specific.
functions/api/client/vehicles_list.js,customer,client,inventory_only,Ownership hint only; server authorization remains endpoint-specific.
functions/api/client/vehicles_save.js,customer,client,inventory_only,Ownership hint only; server authorization remains endpoint-specific.
functions/api/codes/preview.js,platform_core,codes,inventory_only,Ownership hint only; server authorization remains endpoint-specific.
functions/api/customer_profiles_list.js,platform_core,root,inventory_only,Ownership hint only; server authorization remains endpoint-specific.
functions/api/customer_profiles_save.js,platform_core,root,inventory_only,Ownership hint only; server authorization remains endpoint-specific.
functions/api/customer_tiers_delete.js,platform_core,root,inventory_only,Ownership hint only; server authorization remains endpoint-specific.
functions/api/customer_tiers_list.js,platform_core,root,inventory_only,Ownership hint only; server authorization remains endpoint-specific.
functions/api/customer_tiers_save.js,platform_core,root,inventory_only,Ownership hint only; server authorization remains endpoint-specific.
functions/api/customers_delete.js,platform_core,root,inventory_only,Ownership hint only; server authorization remains endpoint-specific.
functions/api/customers_detail.js,platform_core,root,inventory_only,Ownership hint only; server authorization remains endpoint-specific.
functions/api/customers_list.js,platform_core,root,inventory_only,Ownership hint only; server authorization remains endpoint-specific.
functions/api/customers_save.js,platform_core,root,inventory_only,Ownership hint only; server authorization remains endpoint-specific.
functions/api/dashboard_summary.js,platform_core,root,inventory_only,Ownership hint only; server authorization remains endpoint-specific.
functions/api/day_schedule.js,platform_core,root,inventory_only,Ownership hint only; server authorization remains endpoint-specific.
functions/api/debug/stripe_mode.js,platform_core,debug,inventory_only,Ownership hint only; server authorization remains endpoint-specific.
functions/api/detailer/job_action.js,detailer,detailer,inventory_only,Ownership hint only; server authorization remains endpoint-specific.
functions/api/detailer/job_note_post.js,detailer,detailer,inventory_only,Ownership hint only; server authorization remains endpoint-specific.
functions/api/detailer/jobs.js,detailer,detailer,inventory_only,Ownership hint only; server authorization remains endpoint-specific.
functions/api/detailer/live_feed.js,detailer,detailer,inventory_only,Ownership hint only; server authorization remains endpoint-specific.
functions/api/detailer/media_post.js,detailer,detailer,inventory_only,Ownership hint only; server authorization remains endpoint-specific.
functions/api/detailer/media_upload_session.js,detailer,detailer,inventory_only,Ownership hint only; server authorization remains endpoint-specific.
functions/api/detailer/media_upload_url.js,detailer,detailer,inventory_only,Ownership hint only; server authorization remains endpoint-specific.
functions/api/detailer/progress_enable.js,detailer,detailer,inventory_only,Ownership hint only; server authorization remains endpoint-specific.
functions/api/document_booking_public.js,platform_core,root,inventory_only,Ownership hint only; server authorization remains endpoint-specific.
functions/api/final_balance_payment_view.js,platform_core,root,inventory_only,Ownership hint only; server authorization remains endpoint-specific.
functions/api/gifts/checkout.js,platform_core,gifts,inventory_only,Ownership hint only; server authorization remains endpoint-specific.
functions/api/gifts/public_by_code.js,platform_core,gifts,inventory_only,Ownership hint only; server authorization remains endpoint-specific.
functions/api/gifts/receipt.js,platform_core,gifts,inventory_only,Ownership hint only; server authorization remains endpoint-specific.
functions/api/gifts/scheduled_delivery_process.js,platform_core,gifts,inventory_only,Ownership hint only; server authorization remains endpoint-specific.
functions/api/gifts/webhook.js,platform_core,gifts,inventory_only,Ownership hint only; server authorization remains endpoint-specific.
functions/api/growth_settings_public.js,platform_core,root,inventory_only,Ownership hint only; server authorization remains endpoint-specific.
functions/api/health.js,platform_core,root,inventory_only,Ownership hint only; server authorization remains endpoint-specific.
functions/api/job_completion_detail.js,platform_core,root,inventory_only,Ownership hint only; server authorization remains endpoint-specific.
functions/api/job_completion_save.js,platform_core,root,inventory_only,Ownership hint only; server authorization remains endpoint-specific.
functions/api/job_time_entries_get.js,platform_core,root,inventory_only,Ownership hint only; server authorization remains endpoint-specific.
functions/api/job_time_entry_post.js,platform_core,root,inventory_only,Ownership hint only; server authorization remains endpoint-specific.
functions/api/job_time_summary_get.js,platform_core,root,inventory_only,Ownership hint only; server authorization remains endpoint-specific.
functions/api/jobsite_delete.js,platform_core,root,inventory_only,Ownership hint only; server authorization remains endpoint-specific.
functions/api/jobsite_detail.js,platform_core,root,inventory_only,Ownership hint only; server authorization remains endpoint-specific.
functions/api/jobsite_intake_get.js,platform_core,root,inventory_only,Ownership hint only; server authorization remains endpoint-specific.
functions/api/jobsite_intake_save.js,platform_core,root,inventory_only,Ownership hint only; server authorization remains endpoint-specific.
functions/api/jobsite_list.js,platform_core,root,inventory_only,Ownership hint only; server authorization remains endpoint-specific.
functions/api/jobsite_save.js,platform_core,root,inventory_only,Ownership hint only; server authorization remains endpoint-specific.
functions/api/landing_pages_public.js,platform_core,root,inventory_only,Ownership hint only; server authorization remains endpoint-specific.
functions/api/live_list.js,platform_core,root,inventory_only,Ownership hint only; server authorization remains endpoint-specific.
functions/api/media_delete.js,platform_core,root,inventory_only,Ownership hint only; server authorization remains endpoint-specific.
functions/api/media_library_list.js,platform_core,root,inventory_only,Ownership hint only; server authorization remains endpoint-specific.
functions/api/media_list.js,platform_core,root,inventory_only,Ownership hint only; server authorization remains endpoint-specific.
functions/api/media_save.js,platform_core,root,inventory_only,Ownership hint only; server authorization remains endpoint-specific.
functions/api/membership_interest_create.js,platform_core,root,inventory_only,Ownership hint only; server authorization remains endpoint-specific.
functions/api/membership_interest_list.js,platform_core,root,inventory_only,Ownership hint only; server authorization remains endpoint-specific.
functions/api/membership_reminders_process.js,platform_core,root,inventory_only,Ownership hint only; server authorization remains endpoint-specific.
functions/api/notifications_list.js,platform_core,root,inventory_only,Ownership hint only; server authorization remains endpoint-specific.
functions/api/notifications_process.js,platform_core,root,inventory_only,Ownership hint only; server authorization remains endpoint-specific.
functions/api/observation_annotation_moderate.js,platform_core,root,inventory_only,Ownership hint only; server authorization remains endpoint-specific.
functions/api/observation_annotation_post.js,platform_core,root,inventory_only,Ownership hint only; server authorization remains endpoint-specific.
functions/api/override_log_list.js,platform_core,root,inventory_only,Ownership hint only; server authorization remains endpoint-specific.
functions/api/paypal/capture-order.js,platform_core,paypal,inventory_only,Ownership hint only; server authorization remains endpoint-specific.
functions/api/paypal/capture-quote-deposit.js,platform_core,paypal,inventory_only,Ownership hint only; server authorization remains endpoint-specific.
functions/api/paypal/webhook.js,platform_core,paypal,inventory_only,Ownership hint only; server authorization remains endpoint-specific.
functions/api/payroll_run_save.js,platform_core,root,inventory_only,Ownership hint only; server authorization remains endpoint-specific.
functions/api/payroll_summary.js,platform_core,root,inventory_only,Ownership hint only; server authorization remains endpoint-specific.
functions/api/pricing_catalog_public.js,platform_core,root,inventory_only,Ownership hint only; server authorization remains endpoint-specific.
functions/api/progress/comment_post.js,customer,progress,inventory_only,Ownership hint only; server authorization remains endpoint-specific.
functions/api/progress/incident_reports.js,customer,progress,inventory_only,Ownership hint only; server authorization remains endpoint-specific.
functions/api/progress/recommendation_decide.js,customer,progress,inventory_only,Ownership hint only; server authorization remains endpoint-specific.
functions/api/progress/signoff.js,customer,progress,inventory_only,Ownership hint only; server authorization remains endpoint-specific.
functions/api/progress/summary_acknowledge.js,customer,progress,inventory_only,Ownership hint only; server authorization remains endpoint-specific.
functions/api/progress/view.js,customer,progress,inventory_only,Ownership hint only; server authorization remains endpoint-specific.
functions/api/progress_comment_moderate.js,platform_core,root,inventory_only,Ownership hint only; server authorization remains endpoint-specific.
functions/api/progress_comment_post.js,platform_core,root,inventory_only,Ownership hint only; server authorization remains endpoint-specific.
functions/api/progress_delete.js,platform_core,root,inventory_only,Ownership hint only; server authorization remains endpoint-specific.
functions/api/progress_detail.js,platform_core,root,inventory_only,Ownership hint only; server authorization remains endpoint-specific.
functions/api/progress_enable.js,platform_core,root,inventory_only,Ownership hint only; server authorization remains endpoint-specific.
functions/api/progress_list.js,platform_core,root,inventory_only,Ownership hint only; server authorization remains endpoint-specific.
functions/api/progress_list_public.js,platform_core,root,inventory_only,Ownership hint only; server authorization remains endpoint-specific.
functions/api/progress_media_post.js,platform_core,root,inventory_only,Ownership hint only; server authorization remains endpoint-specific.
functions/api/progress_moderate.js,platform_core,root,inventory_only,Ownership hint only; server authorization remains endpoint-specific.
functions/api/progress_post.js,platform_core,root,inventory_only,Ownership hint only; server authorization remains endpoint-specific.
functions/api/progress_upload_url.js,platform_core,root,inventory_only,Ownership hint only; server authorization remains endpoint-specific.
functions/api/promo_create.js,platform_core,root,inventory_only,Ownership hint only; server authorization remains endpoint-specific.
functions/api/promo_disable.js,platform_core,root,inventory_only,Ownership hint only; server authorization remains endpoint-specific.
functions/api/promo_list.js,platform_core,root,inventory_only,Ownership hint only; server authorization remains endpoint-specific.
functions/api/promos_delete.js,platform_core,root,inventory_only,Ownership hint only; server authorization remains endpoint-specific.
functions/api/promos_detail.js,platform_core,root,inventory_only,Ownership hint only; server authorization remains endpoint-specific.
functions/api/promos_save.js,platform_core,root,inventory_only,Ownership hint only; server authorization remains endpoint-specific.
functions/api/promos_toggle_active.js,platform_core,root,inventory_only,Ownership hint only; server authorization remains endpoint-specific.
functions/api/public/car_photos.js,customer,public,inventory_only,Ownership hint only; server authorization remains endpoint-specific.
functions/api/public/website_images.js,customer,public,inventory_only,Ownership hint only; server authorization remains endpoint-specific.
functions/api/public_content_blocks.js,platform_core,root,inventory_only,Ownership hint only; server authorization remains endpoint-specific.
functions/api/public_faqs.js,platform_core,root,inventory_only,Ownership hint only; server authorization remains endpoint-specific.
functions/api/public_lead_submit.js,platform_core,root,inventory_only,Ownership hint only; server authorization remains endpoint-specific.
functions/api/public_photo_estimate_upload_url.js,platform_core,root,inventory_only,Ownership hint only; server authorization remains endpoint-specific.
functions/api/public_website_images.js,platform_core,root,inventory_only,Ownership hint only; server authorization remains endpoint-specific.
functions/api/quote_deposit_receipt.js,platform_core,root,inventory_only,Ownership hint only; server authorization remains endpoint-specific.
functions/api/quote_deposit_request.js,platform_core,root,inventory_only,Ownership hint only; server authorization remains endpoint-specific.
functions/api/quote_proposal_respond.js,platform_core,root,inventory_only,Ownership hint only; server authorization remains endpoint-specific.
functions/api/recovery_audit_list.js,platform_core,root,inventory_only,Ownership hint only; server authorization remains endpoint-specific.
functions/api/recovery_message_preview.js,platform_core,root,inventory_only,Ownership hint only; server authorization remains endpoint-specific.
functions/api/recovery_preview.js,platform_core,root,inventory_only,Ownership hint only; server authorization remains endpoint-specific.
functions/api/recovery_templates.js,platform_core,root,inventory_only,Ownership hint only; server authorization remains endpoint-specific.
functions/api/reviews_public.js,platform_core,root,inventory_only,Ownership hint only; server authorization remains endpoint-specific.
functions/api/service_area_rules_public.js,platform_core,root,inventory_only,Ownership hint only; server authorization remains endpoint-specific.
functions/api/signoff_delete.js,platform_core,root,inventory_only,Ownership hint only; server authorization remains endpoint-specific.
functions/api/signoff_list.js,platform_core,root,inventory_only,Ownership hint only; server authorization remains endpoint-specific.
functions/api/signoff_save.js,platform_core,root,inventory_only,Ownership hint only; server authorization remains endpoint-specific.
functions/api/site_settings_public.js,platform_core,root,inventory_only,Ownership hint only; server authorization remains endpoint-specific.
functions/api/social_feed_public.js,platform_core,root,inventory_only,Ownership hint only; server authorization remains endpoint-specific.
functions/api/social_post_create.js,platform_core,root,inventory_only,Ownership hint only; server authorization remains endpoint-specific.
functions/api/social_post_dispatch.js,platform_core,root,inventory_only,Ownership hint only; server authorization remains endpoint-specific.
functions/api/social_posts_list.js,platform_core,root,inventory_only,Ownership hint only; server authorization remains endpoint-specific.
functions/api/social_readiness.js,platform_core,root,inventory_only,Ownership hint only; server authorization remains endpoint-specific.
functions/api/social_templates_list.js,platform_core,root,inventory_only,Ownership hint only; server authorization remains endpoint-specific.
functions/api/staff_assignable_list.js,platform_core,root,inventory_only,Ownership hint only; server authorization remains endpoint-specific.
functions/api/staff_detail.js,platform_core,root,inventory_only,Ownership hint only; server authorization remains endpoint-specific.
functions/api/staff_list.js,platform_core,root,inventory_only,Ownership hint only; server authorization remains endpoint-specific.
functions/api/staff_me.js,platform_core,root,inventory_only,Ownership hint only; server authorization remains endpoint-specific.
functions/api/staff_save.js,platform_core,root,inventory_only,Ownership hint only; server authorization remains endpoint-specific.
functions/api/staff_toggle_active.js,platform_core,root,inventory_only,Ownership hint only; server authorization remains endpoint-specific.
functions/api/stripe/webhook.js,platform_core,stripe,inventory_only,Ownership hint only; server authorization remains endpoint-specific.
functions/api/time_delete.js,platform_core,root,inventory_only,Ownership hint only; server authorization remains endpoint-specific.
functions/api/time_list.js,platform_core,root,inventory_only,Ownership hint only; server authorization remains endpoint-specific.
functions/api/time_save.js,platform_core,root,inventory_only,Ownership hint only; server authorization remains endpoint-specific.
functions/api/tracking_config.js,platform_core,root,inventory_only,Ownership hint only; server authorization remains endpoint-specific.
functions/api/unblock_date.js,platform_core,root,inventory_only,Ownership hint only; server authorization remains endpoint-specific.
functions/api/unblock_slot.js,platform_core,root,inventory_only,Ownership hint only; server authorization remains endpoint-specific.
functions/api/vehicle_makes.js,platform_core,root,inventory_only,Ownership hint only; server authorization remains endpoint-specific.
functions/api/vehicle_models.js,platform_core,root,inventory_only,Ownership hint only; server authorization remains endpoint-specific.
functions/api/water_restrictions_public.js,platform_core,root,inventory_only,Ownership hint only; server authorization remains endpoint-specific.
