No.,Check,Group,Website image location,Page,Variant,Target key,Manual assignment
1,[ ],Package Card,Premium Wash — default package card,/services,default,package:premium_wash:default,Check live Photo Studio
2,[ ],Package Card,Premium Wash — Small vehicle,/services,small,package:premium_wash:small,Check live Photo Studio
3,[ ],Package Card,Premium Wash — Mid-size vehicle,/services,mid,package:premium_wash:mid,Check live Photo Studio
4,[ ],Package Card,Premium Wash — Large/oversize vehicle,/services,oversize,package:premium_wash:oversize,Check live Photo Studio
5,[ ],Package Card,Basic Detail — default package card,/services,default,package:basic_detail:default,Check live Photo Studio
6,[ ],Package Card,Basic Detail — Small vehicle,/services,small,package:basic_detail:small,Check live Photo Studio
7,[ ],Package Card,Basic Detail — Mid-size vehicle,/services,mid,package:basic_detail:mid,Check live Photo Studio
8,[ ],Package Card,Basic Detail — Large/oversize vehicle,/services,oversize,package:basic_detail:oversize,Check live Photo Studio
9,[ ],Package Card,Complete Detail — default package card,/services,default,package:complete_detail:default,Check live Photo Studio
10,[ ],Package Card,Complete Detail — Small vehicle,/services,small,package:complete_detail:small,Check live Photo Studio
11,[ ],Package Card,Complete Detail — Mid-size vehicle,/services,mid,package:complete_detail:mid,Check live Photo Studio
12,[ ],Package Card,Complete Detail — Large/oversize vehicle,/services,oversize,package:complete_detail:oversize,Check live Photo Studio
13,[ ],Package Card,Interior Detail — default package card,/services,default,package:interior_detail:default,Check live Photo Studio
14,[ ],Package Card,Interior Detail — Small vehicle,/services,small,package:interior_detail:small,Check live Photo Studio
15,[ ],Package Card,Interior Detail — Mid-size vehicle,/services,mid,package:interior_detail:mid,Check live Photo Studio
16,[ ],Package Card,Interior Detail — Large/oversize vehicle,/services,oversize,package:interior_detail:oversize,Check live Photo Studio
17,[ ],Package Card,Exterior Detail — default package card,/services,default,package:exterior_detail:default,Check live Photo Studio
18,[ ],Package Card,Exterior Detail — Small vehicle,/services,small,package:exterior_detail:small,Check live Photo Studio
19,[ ],Package Card,Exterior Detail — Mid-size vehicle,/services,mid,package:exterior_detail:mid,Check live Photo Studio
20,[ ],Package Card,Exterior Detail — Large/oversize vehicle,/services,oversize,package:exterior_detail:oversize,Check live Photo Studio
21,[ ],Addon Card,Full Clay Treatment — service/add-on card,/services,,addon:full_clay_treatment,Check live Photo Studio
22,[ ],Addon Card,Two Stage Polish — service/add-on card,/services,,addon:two_stage_polish,Check live Photo Studio
23,[ ],Addon Card,High Grade Paint Sealant — service/add-on card,/services,,addon:high_grade_paint_sealant,Check live Photo Studio
24,[ ],Addon Card,UV Protectant Applied on Interior Panels — service/add-on card,/services,,addon:uv_protectant_applied_on_interior_panels,Check live Photo Studio
25,[ ],Addon Card,De-Ionizing Treatment — service/add-on card,/services,,addon:de_ionizing_treatment,Check live Photo Studio
26,[ ],Addon Card,De-Badging — service/add-on card,/services,,addon:de_badging,Check live Photo Studio
27,[ ],Addon Card,Engine Cleaning — service/add-on card,/services,,addon:engine_cleaning,Check live Photo Studio
28,[ ],Addon Card,External Ceramic Coating — service/add-on card,/services,,addon:external_ceramic_coating,Check live Photo Studio
29,[ ],Addon Card,External Graphene Fine Finish — service/add-on card,/services,,addon:external_graphene_fine_finish,Check live Photo Studio
30,[ ],Addon Card,External Wax — service/add-on card,/services,,addon:external_wax,Check live Photo Studio
31,[ ],Addon Card,Vinyl Wrapping — service/add-on card,/services,,addon:vinyl_wrapping,Check live Photo Studio
32,[ ],Addon Card,Window Tinting — service/add-on card,/services,,addon:window_tinting,Check live Photo Studio
33,[ ],Addon Card,Pet Hair Removal — service/add-on card,/services,,addon:pet_hair_removal,Check live Photo Studio
34,[ ],Addon Card,Odor Treatment — service/add-on card,/services,,addon:odor_treatment,Check live Photo Studio
35,[ ],Addon Card,Seat Shampoo — service/add-on card,/services,,addon:seat_shampoo,Check live Photo Studio
36,[ ],Addon Card,Carpet Shampoo — service/add-on card,/services,,addon:carpet_shampoo,Check live Photo Studio
37,[ ],Addon Card,Salt Stain Treatment — service/add-on card,/services,,addon:salt_stain_treatment,Check live Photo Studio
38,[ ],Addon Card,Headlight Restoration — service/add-on card,/services,,addon:headlight_restoration_addon,Check live Photo Studio
39,[ ],Addon Card,Windshield Ceramic Coating — service/add-on card,/services,,addon:windshield_ceramic_coating,Check live Photo Studio
40,[ ],Addon Card,Ceramic Spray Protection — service/add-on card,/services,,addon:ceramic_spray_wax,Check live Photo Studio
41,[ ],Addon Card,Trim Restoration — service/add-on card,/services,,addon:trim_restoration,Check live Photo Studio
42,[ ],Addon Card,Bug and Tar Removal — service/add-on card,/services,,addon:bug_tar_removal,Check live Photo Studio
43,[ ],Addon Card,Truck Box Wash — service/add-on card,/services,,addon:truck_box_wash,Check live Photo Studio
44,[ ],Addon Card,Fleet Vehicle Add-On — service/add-on card,/services,,addon:fleet_vehicle_add_on,Check live Photo Studio
45,[ ],Landing Hero,Ceramic coating — landing page hero,/ceramic-coating,hero,landing:ceramic-coating:hero,Check live Photo Studio
46,[ ],Landing Gallery,Ceramic coating — gallery image 1,/ceramic-coating,1,landing:ceramic-coating:gallery:1,Check live Photo Studio
47,[ ],Landing Gallery,Ceramic coating — gallery image 2,/ceramic-coating,2,landing:ceramic-coating:gallery:2,Check live Photo Studio
48,[ ],Landing Gallery,Ceramic coating — gallery image 3,/ceramic-coating,3,landing:ceramic-coating:gallery:3,Check live Photo Studio
49,[ ],Home Card,Ceramic coating — home service card,/,service,home:service:ceramic-coating,Check live Photo Studio
50,[ ],Landing Hero,Pet hair removal — landing page hero,/pet-hair-removal,hero,landing:pet-hair-removal:hero,Check live Photo Studio
51,[ ],Landing Gallery,Pet hair removal — gallery image 1,/pet-hair-removal,1,landing:pet-hair-removal:gallery:1,Check live Photo Studio
52,[ ],Landing Gallery,Pet hair removal — gallery image 2,/pet-hair-removal,2,landing:pet-hair-removal:gallery:2,Check live Photo Studio
53,[ ],Landing Gallery,Pet hair removal — gallery image 3,/pet-hair-removal,3,landing:pet-hair-removal:gallery:3,Check live Photo Studio
54,[ ],Home Card,Pet hair removal — home service card,/,service,home:service:pet-hair-removal,Check live Photo Studio
55,[ ],Landing Hero,Odor removal — landing page hero,/odor-removal,hero,landing:odor-removal:hero,Check live Photo Studio
56,[ ],Landing Gallery,Odor removal — gallery image 1,/odor-removal,1,landing:odor-removal:gallery:1,Check live Photo Studio
57,[ ],Landing Gallery,Odor removal — gallery image 2,/odor-removal,2,landing:odor-removal:gallery:2,Check live Photo Studio
58,[ ],Landing Gallery,Odor removal — gallery image 3,/odor-removal,3,landing:odor-removal:gallery:3,Check live Photo Studio
59,[ ],Home Card,Odor removal — home service card,/,service,home:service:odor-removal,Check live Photo Studio
60,[ ],Landing Hero,Headlight restoration — landing page hero,/headlight-restoration,hero,landing:headlight-restoration:hero,Check live Photo Studio
61,[ ],Landing Gallery,Headlight restoration — gallery image 1,/headlight-restoration,1,landing:headlight-restoration:gallery:1,Check live Photo Studio
62,[ ],Landing Gallery,Headlight restoration — gallery image 2,/headlight-restoration,2,landing:headlight-restoration:gallery:2,Check live Photo Studio
63,[ ],Landing Gallery,Headlight restoration — gallery image 3,/headlight-restoration,3,landing:headlight-restoration:gallery:3,Check live Photo Studio
64,[ ],Home Card,Headlight restoration — home service card,/,service,home:service:headlight-restoration,Check live Photo Studio
65,[ ],Landing Hero,Paint correction — landing page hero,/paint-correction,hero,landing:paint-correction:hero,Check live Photo Studio
66,[ ],Landing Gallery,Paint correction — gallery image 1,/paint-correction,1,landing:paint-correction:gallery:1,Check live Photo Studio
67,[ ],Landing Gallery,Paint correction — gallery image 2,/paint-correction,2,landing:paint-correction:gallery:2,Check live Photo Studio
68,[ ],Landing Gallery,Paint correction — gallery image 3,/paint-correction,3,landing:paint-correction:gallery:3,Check live Photo Studio
69,[ ],Home Card,Paint correction — home service card,/,service,home:service:paint-correction,Check live Photo Studio
70,[ ],Landing Hero,Tillsonburg auto detailing — landing page hero,/tillsonburg-auto-detailing,hero,landing:tillsonburg-auto-detailing:hero,Check live Photo Studio
71,[ ],Landing Gallery,Tillsonburg auto detailing — gallery image 1,/tillsonburg-auto-detailing,1,landing:tillsonburg-auto-detailing:gallery:1,Check live Photo Studio
72,[ ],Landing Gallery,Tillsonburg auto detailing — gallery image 2,/tillsonburg-auto-detailing,2,landing:tillsonburg-auto-detailing:gallery:2,Check live Photo Studio
73,[ ],Landing Gallery,Tillsonburg auto detailing — gallery image 3,/tillsonburg-auto-detailing,3,landing:tillsonburg-auto-detailing:gallery:3,Check live Photo Studio
74,[ ],Home Card,Tillsonburg auto detailing — home location card,/,location,home:location:tillsonburg-auto-detailing,Check live Photo Studio
75,[ ],Landing Hero,Woodstock / Ingersoll auto detailing — landing page hero,/woodstock-ingersoll-auto-detailing,hero,landing:woodstock-ingersoll-auto-detailing:hero,Check live Photo Studio
76,[ ],Landing Gallery,Woodstock / Ingersoll auto detailing — gallery image 1,/woodstock-ingersoll-auto-detailing,1,landing:woodstock-ingersoll-auto-detailing:gallery:1,Check live Photo Studio
77,[ ],Landing Gallery,Woodstock / Ingersoll auto detailing — gallery image 2,/woodstock-ingersoll-auto-detailing,2,landing:woodstock-ingersoll-auto-detailing:gallery:2,Check live Photo Studio
78,[ ],Landing Gallery,Woodstock / Ingersoll auto detailing — gallery image 3,/woodstock-ingersoll-auto-detailing,3,landing:woodstock-ingersoll-auto-detailing:gallery:3,Check live Photo Studio
79,[ ],Home Card,Woodstock / Ingersoll auto detailing — home location card,/,location,home:location:woodstock-ingersoll-auto-detailing,Check live Photo Studio
80,[ ],Landing Hero,Simcoe / Delhi auto detailing — landing page hero,/simcoe-delhi-auto-detailing,hero,landing:simcoe-delhi-auto-detailing:hero,Check live Photo Studio
81,[ ],Landing Gallery,Simcoe / Delhi auto detailing — gallery image 1,/simcoe-delhi-auto-detailing,1,landing:simcoe-delhi-auto-detailing:gallery:1,Check live Photo Studio
82,[ ],Landing Gallery,Simcoe / Delhi auto detailing — gallery image 2,/simcoe-delhi-auto-detailing,2,landing:simcoe-delhi-auto-detailing:gallery:2,Check live Photo Studio
83,[ ],Landing Gallery,Simcoe / Delhi auto detailing — gallery image 3,/simcoe-delhi-auto-detailing,3,landing:simcoe-delhi-auto-detailing:gallery:3,Check live Photo Studio
84,[ ],Home Card,Simcoe / Delhi auto detailing — home location card,/,location,home:location:simcoe-delhi-auto-detailing,Check live Photo Studio
85,[ ],Landing Hero,Port Dover auto detailing — landing page hero,/port-dover-auto-detailing,hero,landing:port-dover-auto-detailing:hero,Check live Photo Studio
86,[ ],Landing Gallery,Port Dover auto detailing — gallery image 1,/port-dover-auto-detailing,1,landing:port-dover-auto-detailing:gallery:1,Check live Photo Studio
87,[ ],Landing Gallery,Port Dover auto detailing — gallery image 2,/port-dover-auto-detailing,2,landing:port-dover-auto-detailing:gallery:2,Check live Photo Studio
88,[ ],Landing Gallery,Port Dover auto detailing — gallery image 3,/port-dover-auto-detailing,3,landing:port-dover-auto-detailing:gallery:3,Check live Photo Studio
89,[ ],Home Card,Port Dover auto detailing — home location card,/,location,home:location:port-dover-auto-detailing,Check live Photo Studio
90,[ ],Landing Hero,"Norwich, Otterville auto detailing — landing page hero",/norwich-otterville-auto-detailing,hero,landing:norwich-otterville-auto-detailing:hero,Check live Photo Studio
91,[ ],Landing Gallery,"Norwich, Otterville auto detailing — gallery image 1",/norwich-otterville-auto-detailing,1,landing:norwich-otterville-auto-detailing:gallery:1,Check live Photo Studio
92,[ ],Landing Gallery,"Norwich, Otterville auto detailing — gallery image 2",/norwich-otterville-auto-detailing,2,landing:norwich-otterville-auto-detailing:gallery:2,Check live Photo Studio
93,[ ],Landing Gallery,"Norwich, Otterville auto detailing — gallery image 3",/norwich-otterville-auto-detailing,3,landing:norwich-otterville-auto-detailing:gallery:3,Check live Photo Studio
94,[ ],Home Card,"Norwich, Otterville auto detailing — home location card",/,location,home:location:norwich-otterville-auto-detailing,Check live Photo Studio
95,[ ],Landing Hero,"Zorra, Thamesford, Embro auto detailing — landing page hero",/zorra-thamesford-embro-auto-detailing,hero,landing:zorra-thamesford-embro-auto-detailing:hero,Check live Photo Studio
96,[ ],Landing Gallery,"Zorra, Thamesford, Embro auto detailing — gallery image 1",/zorra-thamesford-embro-auto-detailing,1,landing:zorra-thamesford-embro-auto-detailing:gallery:1,Check live Photo Studio
97,[ ],Landing Gallery,"Zorra, Thamesford, Embro auto detailing — gallery image 2",/zorra-thamesford-embro-auto-detailing,2,landing:zorra-thamesford-embro-auto-detailing:gallery:2,Check live Photo Studio
98,[ ],Landing Gallery,"Zorra, Thamesford, Embro auto detailing — gallery image 3",/zorra-thamesford-embro-auto-detailing,3,landing:zorra-thamesford-embro-auto-detailing:gallery:3,Check live Photo Studio
99,[ ],Home Card,"Zorra, Thamesford, Embro auto detailing — home location card",/,location,home:location:zorra-thamesford-embro-auto-detailing,Check live Photo Studio
100,[ ],Landing Hero,"Waterford, Vittoria auto detailing — landing page hero",/waterford-vittoria-auto-detailing,hero,landing:waterford-vittoria-auto-detailing:hero,Check live Photo Studio
101,[ ],Landing Gallery,"Waterford, Vittoria auto detailing — gallery image 1",/waterford-vittoria-auto-detailing,1,landing:waterford-vittoria-auto-detailing:gallery:1,Check live Photo Studio
102,[ ],Landing Gallery,"Waterford, Vittoria auto detailing — gallery image 2",/waterford-vittoria-auto-detailing,2,landing:waterford-vittoria-auto-detailing:gallery:2,Check live Photo Studio
103,[ ],Landing Gallery,"Waterford, Vittoria auto detailing — gallery image 3",/waterford-vittoria-auto-detailing,3,landing:waterford-vittoria-auto-detailing:gallery:3,Check live Photo Studio
104,[ ],Home Card,"Waterford, Vittoria auto detailing — home location card",/,location,home:location:waterford-vittoria-auto-detailing,Check live Photo Studio
105,[ ],Landing Hero,"Port Rowan, Turkey Point auto detailing — landing page hero",/port-rowan-turkey-point-auto-detailing,hero,landing:port-rowan-turkey-point-auto-detailing:hero,Check live Photo Studio
106,[ ],Landing Gallery,"Port Rowan, Turkey Point auto detailing — gallery image 1",/port-rowan-turkey-point-auto-detailing,1,landing:port-rowan-turkey-point-auto-detailing:gallery:1,Check live Photo Studio
107,[ ],Landing Gallery,"Port Rowan, Turkey Point auto detailing — gallery image 2",/port-rowan-turkey-point-auto-detailing,2,landing:port-rowan-turkey-point-auto-detailing:gallery:2,Check live Photo Studio
108,[ ],Landing Gallery,"Port Rowan, Turkey Point auto detailing — gallery image 3",/port-rowan-turkey-point-auto-detailing,3,landing:port-rowan-turkey-point-auto-detailing:gallery:3,Check live Photo Studio
109,[ ],Home Card,"Port Rowan, Turkey Point auto detailing — home location card",/,location,home:location:port-rowan-turkey-point-auto-detailing,Check live Photo Studio
110,[ ],Landing Hero,Graphene finish — landing page hero,/graphene-finish,hero,landing:graphene-finish:hero,Check live Photo Studio
111,[ ],Landing Gallery,Graphene finish — gallery image 1,/graphene-finish,1,landing:graphene-finish:gallery:1,Check live Photo Studio
112,[ ],Landing Gallery,Graphene finish — gallery image 2,/graphene-finish,2,landing:graphene-finish:gallery:2,Check live Photo Studio
113,[ ],Landing Gallery,Graphene finish — gallery image 3,/graphene-finish,3,landing:graphene-finish:gallery:3,Check live Photo Studio
114,[ ],Home Card,Graphene finish — home service card,/,service,home:service:graphene-finish,Check live Photo Studio
115,[ ],Landing Hero,Full clay treatment — landing page hero,/full-clay-treatment,hero,landing:full-clay-treatment:hero,Check live Photo Studio
116,[ ],Landing Gallery,Full clay treatment — gallery image 1,/full-clay-treatment,1,landing:full-clay-treatment:gallery:1,Check live Photo Studio
117,[ ],Landing Gallery,Full clay treatment — gallery image 2,/full-clay-treatment,2,landing:full-clay-treatment:gallery:2,Check live Photo Studio
118,[ ],Landing Gallery,Full clay treatment — gallery image 3,/full-clay-treatment,3,landing:full-clay-treatment:gallery:3,Check live Photo Studio
119,[ ],Home Card,Full clay treatment — home service card,/,service,home:service:full-clay-treatment,Check live Photo Studio
120,[ ],Landing Hero,Engine cleaning — landing page hero,/engine-cleaning,hero,landing:engine-cleaning:hero,Check live Photo Studio
121,[ ],Landing Gallery,Engine cleaning — gallery image 1,/engine-cleaning,1,landing:engine-cleaning:gallery:1,Check live Photo Studio
122,[ ],Landing Gallery,Engine cleaning — gallery image 2,/engine-cleaning,2,landing:engine-cleaning:gallery:2,Check live Photo Studio
123,[ ],Landing Gallery,Engine cleaning — gallery image 3,/engine-cleaning,3,landing:engine-cleaning:gallery:3,Check live Photo Studio
124,[ ],Home Card,Engine cleaning — home service card,/,service,home:service:engine-cleaning,Check live Photo Studio
125,[ ],Landing Hero,High grade paint sealant — landing page hero,/high-grade-paint-sealant,hero,landing:high-grade-paint-sealant:hero,Check live Photo Studio
126,[ ],Landing Gallery,High grade paint sealant — gallery image 1,/high-grade-paint-sealant,1,landing:high-grade-paint-sealant:gallery:1,Check live Photo Studio
127,[ ],Landing Gallery,High grade paint sealant — gallery image 2,/high-grade-paint-sealant,2,landing:high-grade-paint-sealant:gallery:2,Check live Photo Studio
128,[ ],Landing Gallery,High grade paint sealant — gallery image 3,/high-grade-paint-sealant,3,landing:high-grade-paint-sealant:gallery:3,Check live Photo Studio
129,[ ],Home Card,High grade paint sealant — home service card,/,service,home:service:high-grade-paint-sealant,Check live Photo Studio
130,[ ],Landing Hero,UV protectant applied on interior panels — landing page hero,/uv-protectant,hero,landing:uv-protectant:hero,Check live Photo Studio
131,[ ],Landing Gallery,UV protectant applied on interior panels — gallery image 1,/uv-protectant,1,landing:uv-protectant:gallery:1,Check live Photo Studio
132,[ ],Landing Gallery,UV protectant applied on interior panels — gallery image 2,/uv-protectant,2,landing:uv-protectant:gallery:2,Check live Photo Studio
133,[ ],Landing Gallery,UV protectant applied on interior panels — gallery image 3,/uv-protectant,3,landing:uv-protectant:gallery:3,Check live Photo Studio
134,[ ],Home Card,UV protectant applied on interior panels — home service card,/,service,home:service:uv-protectant,Check live Photo Studio
135,[ ],Landing Hero,Exterior wax — landing page hero,/exterior-wax,hero,landing:exterior-wax:hero,Check live Photo Studio
136,[ ],Landing Gallery,Exterior wax — gallery image 1,/exterior-wax,1,landing:exterior-wax:gallery:1,Check live Photo Studio
137,[ ],Landing Gallery,Exterior wax — gallery image 2,/exterior-wax,2,landing:exterior-wax:gallery:2,Check live Photo Studio
138,[ ],Landing Gallery,Exterior wax — gallery image 3,/exterior-wax,3,landing:exterior-wax:gallery:3,Check live Photo Studio
139,[ ],Home Card,Exterior wax — home service card,/,service,home:service:exterior-wax,Check live Photo Studio
140,[ ],Landing Hero,De-ionizing treatment — landing page hero,/de-ionizing-treatment,hero,landing:de-ionizing-treatment:hero,Check live Photo Studio
141,[ ],Landing Gallery,De-ionizing treatment — gallery image 1,/de-ionizing-treatment,1,landing:de-ionizing-treatment:gallery:1,Check live Photo Studio
142,[ ],Landing Gallery,De-ionizing treatment — gallery image 2,/de-ionizing-treatment,2,landing:de-ionizing-treatment:gallery:2,Check live Photo Studio
143,[ ],Landing Gallery,De-ionizing treatment — gallery image 3,/de-ionizing-treatment,3,landing:de-ionizing-treatment:gallery:3,Check live Photo Studio
144,[ ],Home Card,De-ionizing treatment — home service card,/,service,home:service:de-ionizing-treatment,Check live Photo Studio
145,[ ],Admin Context,DAIP Gate C — feature context photo,/admin-daip-gate-c,,admin:gate-c:feature,Check live Photo Studio
146,[ ],Admin Context,DAIP Gate C — context strip 1,/admin-daip-gate-c,,admin:gate-c:strip:1,Check live Photo Studio
147,[ ],Admin Context,DAIP Gate C — context strip 2,/admin-daip-gate-c,,admin:gate-c:strip:2,Check live Photo Studio
148,[ ],Admin Context,DAIP Gate C — context strip 3,/admin-daip-gate-c,,admin:gate-c:strip:3,Check live Photo Studio
149,[ ],Before After Pair,Ceramic coating — Before & After — Set 1 — Before,/ceramic-coating,set-1-before,landing:ceramic-coating:before-after:1:before,Check live Photo Studio
150,[ ],Before After Pair,Ceramic coating — Before & After — Set 1 — After,/ceramic-coating,set-1-after,landing:ceramic-coating:before-after:1:after,Check live Photo Studio
151,[ ],Before After Pair,Ceramic coating — Before & After — Set 2 — Before,/ceramic-coating,set-2-before,landing:ceramic-coating:before-after:2:before,Check live Photo Studio
152,[ ],Before After Pair,Ceramic coating — Before & After — Set 2 — After,/ceramic-coating,set-2-after,landing:ceramic-coating:before-after:2:after,Check live Photo Studio
153,[ ],Before After Pair,Ceramic coating — Before & After — Set 3 — Before,/ceramic-coating,set-3-before,landing:ceramic-coating:before-after:3:before,Check live Photo Studio
154,[ ],Before After Pair,Ceramic coating — Before & After — Set 3 — After,/ceramic-coating,set-3-after,landing:ceramic-coating:before-after:3:after,Check live Photo Studio
155,[ ],Before After Pair,Pet hair removal — Before & After — Set 1 — Before,/pet-hair-removal,set-1-before,landing:pet-hair-removal:before-after:1:before,Check live Photo Studio
156,[ ],Before After Pair,Pet hair removal — Before & After — Set 1 — After,/pet-hair-removal,set-1-after,landing:pet-hair-removal:before-after:1:after,Check live Photo Studio
157,[ ],Before After Pair,Pet hair removal — Before & After — Set 2 — Before,/pet-hair-removal,set-2-before,landing:pet-hair-removal:before-after:2:before,Check live Photo Studio
158,[ ],Before After Pair,Pet hair removal — Before & After — Set 2 — After,/pet-hair-removal,set-2-after,landing:pet-hair-removal:before-after:2:after,Check live Photo Studio
159,[ ],Before After Pair,Pet hair removal — Before & After — Set 3 — Before,/pet-hair-removal,set-3-before,landing:pet-hair-removal:before-after:3:before,Check live Photo Studio
160,[ ],Before After Pair,Pet hair removal — Before & After — Set 3 — After,/pet-hair-removal,set-3-after,landing:pet-hair-removal:before-after:3:after,Check live Photo Studio
161,[ ],Before After Pair,Odor removal — Before & After — Set 1 — Before,/odor-removal,set-1-before,landing:odor-removal:before-after:1:before,Check live Photo Studio
162,[ ],Before After Pair,Odor removal — Before & After — Set 1 — After,/odor-removal,set-1-after,landing:odor-removal:before-after:1:after,Check live Photo Studio
163,[ ],Before After Pair,Odor removal — Before & After — Set 2 — Before,/odor-removal,set-2-before,landing:odor-removal:before-after:2:before,Check live Photo Studio
164,[ ],Before After Pair,Odor removal — Before & After — Set 2 — After,/odor-removal,set-2-after,landing:odor-removal:before-after:2:after,Check live Photo Studio
165,[ ],Before After Pair,Odor removal — Before & After — Set 3 — Before,/odor-removal,set-3-before,landing:odor-removal:before-after:3:before,Check live Photo Studio
166,[ ],Before After Pair,Odor removal — Before & After — Set 3 — After,/odor-removal,set-3-after,landing:odor-removal:before-after:3:after,Check live Photo Studio
167,[ ],Before After Pair,Headlight restoration — Before & After — Set 1 — Before,/headlight-restoration,set-1-before,landing:headlight-restoration:before-after:1:before,Check live Photo Studio
168,[ ],Before After Pair,Headlight restoration — Before & After — Set 1 — After,/headlight-restoration,set-1-after,landing:headlight-restoration:before-after:1:after,Check live Photo Studio
169,[ ],Before After Pair,Headlight restoration — Before & After — Set 2 — Before,/headlight-restoration,set-2-before,landing:headlight-restoration:before-after:2:before,Check live Photo Studio
170,[ ],Before After Pair,Headlight restoration — Before & After — Set 2 — After,/headlight-restoration,set-2-after,landing:headlight-restoration:before-after:2:after,Check live Photo Studio
171,[ ],Before After Pair,Headlight restoration — Before & After — Set 3 — Before,/headlight-restoration,set-3-before,landing:headlight-restoration:before-after:3:before,Check live Photo Studio
172,[ ],Before After Pair,Headlight restoration — Before & After — Set 3 — After,/headlight-restoration,set-3-after,landing:headlight-restoration:before-after:3:after,Check live Photo Studio
173,[ ],Before After Pair,Paint correction — Before & After — Set 1 — Before,/paint-correction,set-1-before,landing:paint-correction:before-after:1:before,Check live Photo Studio
174,[ ],Before After Pair,Paint correction — Before & After — Set 1 — After,/paint-correction,set-1-after,landing:paint-correction:before-after:1:after,Check live Photo Studio
175,[ ],Before After Pair,Paint correction — Before & After — Set 2 — Before,/paint-correction,set-2-before,landing:paint-correction:before-after:2:before,Check live Photo Studio
176,[ ],Before After Pair,Paint correction — Before & After — Set 2 — After,/paint-correction,set-2-after,landing:paint-correction:before-after:2:after,Check live Photo Studio
177,[ ],Before After Pair,Paint correction — Before & After — Set 3 — Before,/paint-correction,set-3-before,landing:paint-correction:before-after:3:before,Check live Photo Studio
178,[ ],Before After Pair,Paint correction — Before & After — Set 3 — After,/paint-correction,set-3-after,landing:paint-correction:before-after:3:after,Check live Photo Studio
179,[ ],Before After Pair,Tillsonburg auto detailing — Before & After — Set 1 — Before,/tillsonburg-auto-detailing,set-1-before,landing:tillsonburg-auto-detailing:before-after:1:before,Check live Photo Studio
180,[ ],Before After Pair,Tillsonburg auto detailing — Before & After — Set 1 — After,/tillsonburg-auto-detailing,set-1-after,landing:tillsonburg-auto-detailing:before-after:1:after,Check live Photo Studio
181,[ ],Before After Pair,Tillsonburg auto detailing — Before & After — Set 2 — Before,/tillsonburg-auto-detailing,set-2-before,landing:tillsonburg-auto-detailing:before-after:2:before,Check live Photo Studio
182,[ ],Before After Pair,Tillsonburg auto detailing — Before & After — Set 2 — After,/tillsonburg-auto-detailing,set-2-after,landing:tillsonburg-auto-detailing:before-after:2:after,Check live Photo Studio
183,[ ],Before After Pair,Tillsonburg auto detailing — Before & After — Set 3 — Before,/tillsonburg-auto-detailing,set-3-before,landing:tillsonburg-auto-detailing:before-after:3:before,Check live Photo Studio
184,[ ],Before After Pair,Tillsonburg auto detailing — Before & After — Set 3 — After,/tillsonburg-auto-detailing,set-3-after,landing:tillsonburg-auto-detailing:before-after:3:after,Check live Photo Studio
185,[ ],Before After Pair,Woodstock / Ingersoll auto detailing — Before & After — Set 1 — Before,/woodstock-ingersoll-auto-detailing,set-1-before,landing:woodstock-ingersoll-auto-detailing:before-after:1:before,Check live Photo Studio
186,[ ],Before After Pair,Woodstock / Ingersoll auto detailing — Before & After — Set 1 — After,/woodstock-ingersoll-auto-detailing,set-1-after,landing:woodstock-ingersoll-auto-detailing:before-after:1:after,Check live Photo Studio
187,[ ],Before After Pair,Woodstock / Ingersoll auto detailing — Before & After — Set 2 — Before,/woodstock-ingersoll-auto-detailing,set-2-before,landing:woodstock-ingersoll-auto-detailing:before-after:2:before,Check live Photo Studio
188,[ ],Before After Pair,Woodstock / Ingersoll auto detailing — Before & After — Set 2 — After,/woodstock-ingersoll-auto-detailing,set-2-after,landing:woodstock-ingersoll-auto-detailing:before-after:2:after,Check live Photo Studio
189,[ ],Before After Pair,Woodstock / Ingersoll auto detailing — Before & After — Set 3 — Before,/woodstock-ingersoll-auto-detailing,set-3-before,landing:woodstock-ingersoll-auto-detailing:before-after:3:before,Check live Photo Studio
190,[ ],Before After Pair,Woodstock / Ingersoll auto detailing — Before & After — Set 3 — After,/woodstock-ingersoll-auto-detailing,set-3-after,landing:woodstock-ingersoll-auto-detailing:before-after:3:after,Check live Photo Studio
191,[ ],Before After Pair,Simcoe / Delhi auto detailing — Before & After — Set 1 — Before,/simcoe-delhi-auto-detailing,set-1-before,landing:simcoe-delhi-auto-detailing:before-after:1:before,Check live Photo Studio
192,[ ],Before After Pair,Simcoe / Delhi auto detailing — Before & After — Set 1 — After,/simcoe-delhi-auto-detailing,set-1-after,landing:simcoe-delhi-auto-detailing:before-after:1:after,Check live Photo Studio
193,[ ],Before After Pair,Simcoe / Delhi auto detailing — Before & After — Set 2 — Before,/simcoe-delhi-auto-detailing,set-2-before,landing:simcoe-delhi-auto-detailing:before-after:2:before,Check live Photo Studio
194,[ ],Before After Pair,Simcoe / Delhi auto detailing — Before & After — Set 2 — After,/simcoe-delhi-auto-detailing,set-2-after,landing:simcoe-delhi-auto-detailing:before-after:2:after,Check live Photo Studio
195,[ ],Before After Pair,Simcoe / Delhi auto detailing — Before & After — Set 3 — Before,/simcoe-delhi-auto-detailing,set-3-before,landing:simcoe-delhi-auto-detailing:before-after:3:before,Check live Photo Studio
196,[ ],Before After Pair,Simcoe / Delhi auto detailing — Before & After — Set 3 — After,/simcoe-delhi-auto-detailing,set-3-after,landing:simcoe-delhi-auto-detailing:before-after:3:after,Check live Photo Studio
197,[ ],Before After Pair,Port Dover auto detailing — Before & After — Set 1 — Before,/port-dover-auto-detailing,set-1-before,landing:port-dover-auto-detailing:before-after:1:before,Check live Photo Studio
198,[ ],Before After Pair,Port Dover auto detailing — Before & After — Set 1 — After,/port-dover-auto-detailing,set-1-after,landing:port-dover-auto-detailing:before-after:1:after,Check live Photo Studio
199,[ ],Before After Pair,Port Dover auto detailing — Before & After — Set 2 — Before,/port-dover-auto-detailing,set-2-before,landing:port-dover-auto-detailing:before-after:2:before,Check live Photo Studio
200,[ ],Before After Pair,Port Dover auto detailing — Before & After — Set 2 — After,/port-dover-auto-detailing,set-2-after,landing:port-dover-auto-detailing:before-after:2:after,Check live Photo Studio
201,[ ],Before After Pair,Port Dover auto detailing — Before & After — Set 3 — Before,/port-dover-auto-detailing,set-3-before,landing:port-dover-auto-detailing:before-after:3:before,Check live Photo Studio
202,[ ],Before After Pair,Port Dover auto detailing — Before & After — Set 3 — After,/port-dover-auto-detailing,set-3-after,landing:port-dover-auto-detailing:before-after:3:after,Check live Photo Studio
203,[ ],Before After Pair,"Norwich, Otterville auto detailing — Before & After — Set 1 — Before",/norwich-otterville-auto-detailing,set-1-before,landing:norwich-otterville-auto-detailing:before-after:1:before,Check live Photo Studio
204,[ ],Before After Pair,"Norwich, Otterville auto detailing — Before & After — Set 1 — After",/norwich-otterville-auto-detailing,set-1-after,landing:norwich-otterville-auto-detailing:before-after:1:after,Check live Photo Studio
205,[ ],Before After Pair,"Norwich, Otterville auto detailing — Before & After — Set 2 — Before",/norwich-otterville-auto-detailing,set-2-before,landing:norwich-otterville-auto-detailing:before-after:2:before,Check live Photo Studio
206,[ ],Before After Pair,"Norwich, Otterville auto detailing — Before & After — Set 2 — After",/norwich-otterville-auto-detailing,set-2-after,landing:norwich-otterville-auto-detailing:before-after:2:after,Check live Photo Studio
207,[ ],Before After Pair,"Norwich, Otterville auto detailing — Before & After — Set 3 — Before",/norwich-otterville-auto-detailing,set-3-before,landing:norwich-otterville-auto-detailing:before-after:3:before,Check live Photo Studio
208,[ ],Before After Pair,"Norwich, Otterville auto detailing — Before & After — Set 3 — After",/norwich-otterville-auto-detailing,set-3-after,landing:norwich-otterville-auto-detailing:before-after:3:after,Check live Photo Studio
209,[ ],Before After Pair,"Zorra, Thamesford, Embro auto detailing — Before & After — Set 1 — Before",/zorra-thamesford-embro-auto-detailing,set-1-before,landing:zorra-thamesford-embro-auto-detailing:before-after:1:before,Check live Photo Studio
210,[ ],Before After Pair,"Zorra, Thamesford, Embro auto detailing — Before & After — Set 1 — After",/zorra-thamesford-embro-auto-detailing,set-1-after,landing:zorra-thamesford-embro-auto-detailing:before-after:1:after,Check live Photo Studio
211,[ ],Before After Pair,"Zorra, Thamesford, Embro auto detailing — Before & After — Set 2 — Before",/zorra-thamesford-embro-auto-detailing,set-2-before,landing:zorra-thamesford-embro-auto-detailing:before-after:2:before,Check live Photo Studio
212,[ ],Before After Pair,"Zorra, Thamesford, Embro auto detailing — Before & After — Set 2 — After",/zorra-thamesford-embro-auto-detailing,set-2-after,landing:zorra-thamesford-embro-auto-detailing:before-after:2:after,Check live Photo Studio
213,[ ],Before After Pair,"Zorra, Thamesford, Embro auto detailing — Before & After — Set 3 — Before",/zorra-thamesford-embro-auto-detailing,set-3-before,landing:zorra-thamesford-embro-auto-detailing:before-after:3:before,Check live Photo Studio
214,[ ],Before After Pair,"Zorra, Thamesford, Embro auto detailing — Before & After — Set 3 — After",/zorra-thamesford-embro-auto-detailing,set-3-after,landing:zorra-thamesford-embro-auto-detailing:before-after:3:after,Check live Photo Studio
215,[ ],Before After Pair,"Waterford, Vittoria auto detailing — Before & After — Set 1 — Before",/waterford-vittoria-auto-detailing,set-1-before,landing:waterford-vittoria-auto-detailing:before-after:1:before,Check live Photo Studio
216,[ ],Before After Pair,"Waterford, Vittoria auto detailing — Before & After — Set 1 — After",/waterford-vittoria-auto-detailing,set-1-after,landing:waterford-vittoria-auto-detailing:before-after:1:after,Check live Photo Studio
217,[ ],Before After Pair,"Waterford, Vittoria auto detailing — Before & After — Set 2 — Before",/waterford-vittoria-auto-detailing,set-2-before,landing:waterford-vittoria-auto-detailing:before-after:2:before,Check live Photo Studio
218,[ ],Before After Pair,"Waterford, Vittoria auto detailing — Before & After — Set 2 — After",/waterford-vittoria-auto-detailing,set-2-after,landing:waterford-vittoria-auto-detailing:before-after:2:after,Check live Photo Studio
219,[ ],Before After Pair,"Waterford, Vittoria auto detailing — Before & After — Set 3 — Before",/waterford-vittoria-auto-detailing,set-3-before,landing:waterford-vittoria-auto-detailing:before-after:3:before,Check live Photo Studio
220,[ ],Before After Pair,"Waterford, Vittoria auto detailing — Before & After — Set 3 — After",/waterford-vittoria-auto-detailing,set-3-after,landing:waterford-vittoria-auto-detailing:before-after:3:after,Check live Photo Studio
221,[ ],Before After Pair,"Port Rowan, Turkey Point auto detailing — Before & After — Set 1 — Before",/port-rowan-turkey-point-auto-detailing,set-1-before,landing:port-rowan-turkey-point-auto-detailing:before-after:1:before,Check live Photo Studio
222,[ ],Before After Pair,"Port Rowan, Turkey Point auto detailing — Before & After — Set 1 — After",/port-rowan-turkey-point-auto-detailing,set-1-after,landing:port-rowan-turkey-point-auto-detailing:before-after:1:after,Check live Photo Studio
223,[ ],Before After Pair,"Port Rowan, Turkey Point auto detailing — Before & After — Set 2 — Before",/port-rowan-turkey-point-auto-detailing,set-2-before,landing:port-rowan-turkey-point-auto-detailing:before-after:2:before,Check live Photo Studio
224,[ ],Before After Pair,"Port Rowan, Turkey Point auto detailing — Before & After — Set 2 — After",/port-rowan-turkey-point-auto-detailing,set-2-after,landing:port-rowan-turkey-point-auto-detailing:before-after:2:after,Check live Photo Studio
225,[ ],Before After Pair,"Port Rowan, Turkey Point auto detailing — Before & After — Set 3 — Before",/port-rowan-turkey-point-auto-detailing,set-3-before,landing:port-rowan-turkey-point-auto-detailing:before-after:3:before,Check live Photo Studio
226,[ ],Before After Pair,"Port Rowan, Turkey Point auto detailing — Before & After — Set 3 — After",/port-rowan-turkey-point-auto-detailing,set-3-after,landing:port-rowan-turkey-point-auto-detailing:before-after:3:after,Check live Photo Studio
227,[ ],Before After Pair,Graphene finish — Before & After — Set 1 — Before,/graphene-finish,set-1-before,landing:graphene-finish:before-after:1:before,Check live Photo Studio
228,[ ],Before After Pair,Graphene finish — Before & After — Set 1 — After,/graphene-finish,set-1-after,landing:graphene-finish:before-after:1:after,Check live Photo Studio
229,[ ],Before After Pair,Graphene finish — Before & After — Set 2 — Before,/graphene-finish,set-2-before,landing:graphene-finish:before-after:2:before,Check live Photo Studio
230,[ ],Before After Pair,Graphene finish — Before & After — Set 2 — After,/graphene-finish,set-2-after,landing:graphene-finish:before-after:2:after,Check live Photo Studio
231,[ ],Before After Pair,Graphene finish — Before & After — Set 3 — Before,/graphene-finish,set-3-before,landing:graphene-finish:before-after:3:before,Check live Photo Studio
232,[ ],Before After Pair,Graphene finish — Before & After — Set 3 — After,/graphene-finish,set-3-after,landing:graphene-finish:before-after:3:after,Check live Photo Studio
233,[ ],Before After Pair,Full clay treatment — Before & After — Set 1 — Before,/full-clay-treatment,set-1-before,landing:full-clay-treatment:before-after:1:before,Check live Photo Studio
234,[ ],Before After Pair,Full clay treatment — Before & After — Set 1 — After,/full-clay-treatment,set-1-after,landing:full-clay-treatment:before-after:1:after,Check live Photo Studio
235,[ ],Before After Pair,Full clay treatment — Before & After — Set 2 — Before,/full-clay-treatment,set-2-before,landing:full-clay-treatment:before-after:2:before,Check live Photo Studio
236,[ ],Before After Pair,Full clay treatment — Before & After — Set 2 — After,/full-clay-treatment,set-2-after,landing:full-clay-treatment:before-after:2:after,Check live Photo Studio
237,[ ],Before After Pair,Full clay treatment — Before & After — Set 3 — Before,/full-clay-treatment,set-3-before,landing:full-clay-treatment:before-after:3:before,Check live Photo Studio
238,[ ],Before After Pair,Full clay treatment — Before & After — Set 3 — After,/full-clay-treatment,set-3-after,landing:full-clay-treatment:before-after:3:after,Check live Photo Studio
239,[ ],Before After Pair,Engine cleaning — Before & After — Set 1 — Before,/engine-cleaning,set-1-before,landing:engine-cleaning:before-after:1:before,Check live Photo Studio
240,[ ],Before After Pair,Engine cleaning — Before & After — Set 1 — After,/engine-cleaning,set-1-after,landing:engine-cleaning:before-after:1:after,Check live Photo Studio
241,[ ],Before After Pair,Engine cleaning — Before & After — Set 2 — Before,/engine-cleaning,set-2-before,landing:engine-cleaning:before-after:2:before,Check live Photo Studio
242,[ ],Before After Pair,Engine cleaning — Before & After — Set 2 — After,/engine-cleaning,set-2-after,landing:engine-cleaning:before-after:2:after,Check live Photo Studio
243,[ ],Before After Pair,Engine cleaning — Before & After — Set 3 — Before,/engine-cleaning,set-3-before,landing:engine-cleaning:before-after:3:before,Check live Photo Studio
244,[ ],Before After Pair,Engine cleaning — Before & After — Set 3 — After,/engine-cleaning,set-3-after,landing:engine-cleaning:before-after:3:after,Check live Photo Studio
245,[ ],Before After Pair,High grade paint sealant — Before & After — Set 1 — Before,/high-grade-paint-sealant,set-1-before,landing:high-grade-paint-sealant:before-after:1:before,Check live Photo Studio
246,[ ],Before After Pair,High grade paint sealant — Before & After — Set 1 — After,/high-grade-paint-sealant,set-1-after,landing:high-grade-paint-sealant:before-after:1:after,Check live Photo Studio
247,[ ],Before After Pair,High grade paint sealant — Before & After — Set 2 — Before,/high-grade-paint-sealant,set-2-before,landing:high-grade-paint-sealant:before-after:2:before,Check live Photo Studio
248,[ ],Before After Pair,High grade paint sealant — Before & After — Set 2 — After,/high-grade-paint-sealant,set-2-after,landing:high-grade-paint-sealant:before-after:2:after,Check live Photo Studio
249,[ ],Before After Pair,High grade paint sealant — Before & After — Set 3 — Before,/high-grade-paint-sealant,set-3-before,landing:high-grade-paint-sealant:before-after:3:before,Check live Photo Studio
250,[ ],Before After Pair,High grade paint sealant — Before & After — Set 3 — After,/high-grade-paint-sealant,set-3-after,landing:high-grade-paint-sealant:before-after:3:after,Check live Photo Studio
251,[ ],Before After Pair,UV protectant applied on interior panels — Before & After — Set 1 — Before,/uv-protectant,set-1-before,landing:uv-protectant:before-after:1:before,Check live Photo Studio
252,[ ],Before After Pair,UV protectant applied on interior panels — Before & After — Set 1 — After,/uv-protectant,set-1-after,landing:uv-protectant:before-after:1:after,Check live Photo Studio
253,[ ],Before After Pair,UV protectant applied on interior panels — Before & After — Set 2 — Before,/uv-protectant,set-2-before,landing:uv-protectant:before-after:2:before,Check live Photo Studio
254,[ ],Before After Pair,UV protectant applied on interior panels — Before & After — Set 2 — After,/uv-protectant,set-2-after,landing:uv-protectant:before-after:2:after,Check live Photo Studio
255,[ ],Before After Pair,UV protectant applied on interior panels — Before & After — Set 3 — Before,/uv-protectant,set-3-before,landing:uv-protectant:before-after:3:before,Check live Photo Studio
256,[ ],Before After Pair,UV protectant applied on interior panels — Before & After — Set 3 — After,/uv-protectant,set-3-after,landing:uv-protectant:before-after:3:after,Check live Photo Studio
257,[ ],Before After Pair,Exterior wax — Before & After — Set 1 — Before,/exterior-wax,set-1-before,landing:exterior-wax:before-after:1:before,Check live Photo Studio
258,[ ],Before After Pair,Exterior wax — Before & After — Set 1 — After,/exterior-wax,set-1-after,landing:exterior-wax:before-after:1:after,Check live Photo Studio
259,[ ],Before After Pair,Exterior wax — Before & After — Set 2 — Before,/exterior-wax,set-2-before,landing:exterior-wax:before-after:2:before,Check live Photo Studio
260,[ ],Before After Pair,Exterior wax — Before & After — Set 2 — After,/exterior-wax,set-2-after,landing:exterior-wax:before-after:2:after,Check live Photo Studio
261,[ ],Before After Pair,Exterior wax — Before & After — Set 3 — Before,/exterior-wax,set-3-before,landing:exterior-wax:before-after:3:before,Check live Photo Studio
262,[ ],Before After Pair,Exterior wax — Before & After — Set 3 — After,/exterior-wax,set-3-after,landing:exterior-wax:before-after:3:after,Check live Photo Studio
263,[ ],Before After Pair,De-ionizing treatment — Before & After — Set 1 — Before,/de-ionizing-treatment,set-1-before,landing:de-ionizing-treatment:before-after:1:before,Check live Photo Studio
264,[ ],Before After Pair,De-ionizing treatment — Before & After — Set 1 — After,/de-ionizing-treatment,set-1-after,landing:de-ionizing-treatment:before-after:1:after,Check live Photo Studio
265,[ ],Before After Pair,De-ionizing treatment — Before & After — Set 2 — Before,/de-ionizing-treatment,set-2-before,landing:de-ionizing-treatment:before-after:2:before,Check live Photo Studio
266,[ ],Before After Pair,De-ionizing treatment — Before & After — Set 2 — After,/de-ionizing-treatment,set-2-after,landing:de-ionizing-treatment:before-after:2:after,Check live Photo Studio
267,[ ],Before After Pair,De-ionizing treatment — Before & After — Set 3 — Before,/de-ionizing-treatment,set-3-before,landing:de-ionizing-treatment:before-after:3:before,Check live Photo Studio
268,[ ],Before After Pair,De-ionizing treatment — Before & After — Set 3 — After,/de-ionizing-treatment,set-3-after,landing:de-ionizing-treatment:before-after:3:after,Check live Photo Studio
269,[ ],Proof Image,Services — Review proof image,/services,,page:services:review-proof,Check live Photo Studio
270,[ ],Proof Image,Pricing — Review proof image,/pricing,,page:pricing:review-proof,Check live Photo Studio
271,[ ],Faq Card,FAQ — Booking help image,/faq,,page:faq:booking-help,Check live Photo Studio
272,[ ],Faq Card,FAQ — Service choices image,/faq,,page:faq:service-choices,Check live Photo Studio
273,[ ],Faq Card,FAQ — Help articles image,/faq,,page:faq:help-articles,Check live Photo Studio
274,[ ],Faq Card,FAQ — Local proof image,/faq,,page:faq:local-proof,Check live Photo Studio
275,[ ],Gift Card,Gift Cards — Interior Detail gift card,/gift-cards,interior,gift-card:interior,Check live Photo Studio
276,[ ],Gift Card,Gift Cards — Complete Detail gift card,/gift-cards,complete,gift-card:complete,Check live Photo Studio
277,[ ],Gift Card,Gift Cards — Custom Amount gift card,/gift-cards,custom,gift-card:custom,Check live Photo Studio
278,[ ],Service Hub,Services hub — Interior and deep cleaning,/services,,hub:services:interior,Check live Photo Studio
279,[ ],Service Hub,Services hub — Exterior and paint care,/services,,hub:services:exterior,Check live Photo Studio
280,[ ],Service Hub,Services hub — Specials,/services,,hub:services:specials,Check live Photo Studio
281,[ ],Service Hub,Services hub — Gift cards,/services,,hub:services:gift-cards,Check live Photo Studio
282,[ ],Service Hub,Services hub — Fleet and work trucks,/services,,hub:services:fleet,Check live Photo Studio
283,[ ],Service Hub,Services hub — Maintenance plans,/services,,hub:services:maintenance,Check live Photo Studio
284,[ ],Service Hub,Services hub — Helpful guides,/services,,hub:services:guides,Check live Photo Studio
285,[ ],Proof Image,Ceramic coating — landing page hero — review proof image,/ceramic-coating,review-proof,landing:ceramic-coating:review-proof,Check live Photo Studio
286,[ ],Proof Image,Pet hair removal — landing page hero — review proof image,/pet-hair-removal,review-proof,landing:pet-hair-removal:review-proof,Check live Photo Studio
287,[ ],Proof Image,Odor removal — landing page hero — review proof image,/odor-removal,review-proof,landing:odor-removal:review-proof,Check live Photo Studio
288,[ ],Proof Image,Headlight restoration — landing page hero — review proof image,/headlight-restoration,review-proof,landing:headlight-restoration:review-proof,Check live Photo Studio
289,[ ],Proof Image,Paint correction — landing page hero — review proof image,/paint-correction,review-proof,landing:paint-correction:review-proof,Check live Photo Studio
290,[ ],Proof Image,Tillsonburg auto detailing — landing page hero — review proof image,/tillsonburg-auto-detailing,review-proof,landing:tillsonburg-auto-detailing:review-proof,Check live Photo Studio
291,[ ],Proof Image,Woodstock / Ingersoll auto detailing — landing page hero — review proof image,/woodstock-ingersoll-auto-detailing,review-proof,landing:woodstock-ingersoll-auto-detailing:review-proof,Check live Photo Studio
292,[ ],Proof Image,Simcoe / Delhi auto detailing — landing page hero — review proof image,/simcoe-delhi-auto-detailing,review-proof,landing:simcoe-delhi-auto-detailing:review-proof,Check live Photo Studio
293,[ ],Proof Image,Port Dover auto detailing — landing page hero — review proof image,/port-dover-auto-detailing,review-proof,landing:port-dover-auto-detailing:review-proof,Check live Photo Studio
294,[ ],Proof Image,"Norwich, Otterville auto detailing — landing page hero — review proof image",/norwich-otterville-auto-detailing,review-proof,landing:norwich-otterville-auto-detailing:review-proof,Check live Photo Studio
295,[ ],Proof Image,"Zorra, Thamesford, Embro auto detailing — landing page hero — review proof image",/zorra-thamesford-embro-auto-detailing,review-proof,landing:zorra-thamesford-embro-auto-detailing:review-proof,Check live Photo Studio
296,[ ],Proof Image,"Waterford, Vittoria auto detailing — landing page hero — review proof image",/waterford-vittoria-auto-detailing,review-proof,landing:waterford-vittoria-auto-detailing:review-proof,Check live Photo Studio
297,[ ],Proof Image,"Port Rowan, Turkey Point auto detailing — landing page hero — review proof image",/port-rowan-turkey-point-auto-detailing,review-proof,landing:port-rowan-turkey-point-auto-detailing:review-proof,Check live Photo Studio
298,[ ],Proof Image,Graphene finish — landing page hero — review proof image,/graphene-finish,review-proof,landing:graphene-finish:review-proof,Check live Photo Studio
299,[ ],Proof Image,Full clay treatment — landing page hero — review proof image,/full-clay-treatment,review-proof,landing:full-clay-treatment:review-proof,Check live Photo Studio
300,[ ],Proof Image,Engine cleaning — landing page hero — review proof image,/engine-cleaning,review-proof,landing:engine-cleaning:review-proof,Check live Photo Studio
301,[ ],Proof Image,High grade paint sealant — landing page hero — review proof image,/high-grade-paint-sealant,review-proof,landing:high-grade-paint-sealant:review-proof,Check live Photo Studio
302,[ ],Proof Image,UV protectant applied on interior panels — landing page hero — review proof image,/uv-protectant,review-proof,landing:uv-protectant:review-proof,Check live Photo Studio
303,[ ],Proof Image,Exterior wax — landing page hero — review proof image,/exterior-wax,review-proof,landing:exterior-wax:review-proof,Check live Photo Studio
304,[ ],Proof Image,De-ionizing treatment — landing page hero — review proof image,/de-ionizing-treatment,review-proof,landing:de-ionizing-treatment:review-proof,Check live Photo Studio
305,[ ],Gallery Evidence,Gallery — Evidence 1,/gallery,1,gallery:evidence:1,Check live Photo Studio
306,[ ],Gallery Evidence,Gallery — Evidence 2,/gallery,2,gallery:evidence:2,Check live Photo Studio
307,[ ],Gallery Evidence,Gallery — Evidence 3,/gallery,3,gallery:evidence:3,Check live Photo Studio
308,[ ],Gallery Evidence,Gallery — Evidence 4,/gallery,4,gallery:evidence:4,Check live Photo Studio
309,[ ],Gallery Evidence,Gallery — Evidence 5,/gallery,5,gallery:evidence:5,Check live Photo Studio
310,[ ],Gallery Evidence,Gallery — Evidence 6,/gallery,6,gallery:evidence:6,Check live Photo Studio
311,[ ],Gallery Evidence,Gallery — Evidence 7,/gallery,7,gallery:evidence:7,Check live Photo Studio
312,[ ],Gallery Evidence,Gallery — Evidence 8,/gallery,8,gallery:evidence:8,Check live Photo Studio
313,[ ],Gallery Evidence,Gallery — Evidence 9,/gallery,9,gallery:evidence:9,Check live Photo Studio
314,[ ],Gallery Evidence,Gallery — Evidence 10,/gallery,10,gallery:evidence:10,Check live Photo Studio
315,[ ],Gallery Evidence,Gallery — Evidence 11,/gallery,11,gallery:evidence:11,Check live Photo Studio
316,[ ],Gallery Evidence,Gallery — Evidence 12,/gallery,12,gallery:evidence:12,Check live Photo Studio
317,[ ],Gallery Technique,Gallery — Technique 1,/gallery,1,gallery:technique:1,Check live Photo Studio
318,[ ],Gallery Technique,Gallery — Technique 2,/gallery,2,gallery:technique:2,Check live Photo Studio
319,[ ],Gallery Technique,Gallery — Technique 3,/gallery,3,gallery:technique:3,Check live Photo Studio
320,[ ],Gallery Technique,Gallery — Technique 4,/gallery,4,gallery:technique:4,Check live Photo Studio
321,[ ],Gallery Technique,Gallery — Technique 5,/gallery,5,gallery:technique:5,Check live Photo Studio
322,[ ],Gallery Technique,Gallery — Technique 6,/gallery,6,gallery:technique:6,Check live Photo Studio
323,[ ],Gallery Technique,Gallery — Technique 7,/gallery,7,gallery:technique:7,Check live Photo Studio
324,[ ],Gallery Technique,Gallery — Technique 8,/gallery,8,gallery:technique:8,Check live Photo Studio
325,[ ],Gallery Technique,Gallery — Technique 9,/gallery,9,gallery:technique:9,Check live Photo Studio
326,[ ],Gallery Technique,Gallery — Technique 10,/gallery,10,gallery:technique:10,Check live Photo Studio
327,[ ],Gallery Technique,Gallery — Technique 11,/gallery,11,gallery:technique:11,Check live Photo Studio
328,[ ],Gallery Technique,Gallery — Technique 12,/gallery,12,gallery:technique:12,Check live Photo Studio
329,[ ],Gallery Efficiency,Gallery — Efficiency 1,/gallery,1,gallery:efficiency:1,Check live Photo Studio
330,[ ],Gallery Efficiency,Gallery — Efficiency 2,/gallery,2,gallery:efficiency:2,Check live Photo Studio
331,[ ],Gallery Efficiency,Gallery — Efficiency 3,/gallery,3,gallery:efficiency:3,Check live Photo Studio
332,[ ],Gallery Efficiency,Gallery — Efficiency 4,/gallery,4,gallery:efficiency:4,Check live Photo Studio
333,[ ],Gallery Efficiency,Gallery — Efficiency 5,/gallery,5,gallery:efficiency:5,Check live Photo Studio
334,[ ],Gallery Efficiency,Gallery — Efficiency 6,/gallery,6,gallery:efficiency:6,Check live Photo Studio
335,[ ],Gallery Efficiency,Gallery — Efficiency 7,/gallery,7,gallery:efficiency:7,Check live Photo Studio
336,[ ],Gallery Efficiency,Gallery — Efficiency 8,/gallery,8,gallery:efficiency:8,Check live Photo Studio
337,[ ],Gallery Efficiency,Gallery — Efficiency 9,/gallery,9,gallery:efficiency:9,Check live Photo Studio
338,[ ],Gallery Efficiency,Gallery — Efficiency 10,/gallery,10,gallery:efficiency:10,Check live Photo Studio
339,[ ],Gallery Efficiency,Gallery — Efficiency 11,/gallery,11,gallery:efficiency:11,Check live Photo Studio
340,[ ],Gallery Efficiency,Gallery — Efficiency 12,/gallery,12,gallery:efficiency:12,Check live Photo Studio
341,[ ],Gallery Before After Pair,Gallery — Before & After — Set 1 — Before,/gallery,set1-before,gallery:before-after:1:before,Check live Photo Studio
342,[ ],Gallery Before After Pair,Gallery — Before & After — Set 1 — After,/gallery,set1-after,gallery:before-after:1:after,Check live Photo Studio
343,[ ],Gallery Before After Pair,Gallery — Before & After — Set 2 — Before,/gallery,set2-before,gallery:before-after:2:before,Check live Photo Studio
344,[ ],Gallery Before After Pair,Gallery — Before & After — Set 2 — After,/gallery,set2-after,gallery:before-after:2:after,Check live Photo Studio
345,[ ],Gallery Before After Pair,Gallery — Before & After — Set 3 — Before,/gallery,set3-before,gallery:before-after:3:before,Check live Photo Studio
346,[ ],Gallery Before After Pair,Gallery — Before & After — Set 3 — After,/gallery,set3-after,gallery:before-after:3:after,Check live Photo Studio
347,[ ],Gallery Before After Pair,Gallery — Before & After — Set 4 — Before,/gallery,set4-before,gallery:before-after:4:before,Check live Photo Studio
348,[ ],Gallery Before After Pair,Gallery — Before & After — Set 4 — After,/gallery,set4-after,gallery:before-after:4:after,Check live Photo Studio
349,[ ],Gallery Before After Pair,Gallery — Before & After — Set 5 — Before,/gallery,set5-before,gallery:before-after:5:before,Check live Photo Studio
350,[ ],Gallery Before After Pair,Gallery — Before & After — Set 5 — After,/gallery,set5-after,gallery:before-after:5:after,Check live Photo Studio
351,[ ],Gallery Before After Pair,Gallery — Before & After — Set 6 — Before,/gallery,set6-before,gallery:before-after:6:before,Check live Photo Studio
352,[ ],Gallery Before After Pair,Gallery — Before & After — Set 6 — After,/gallery,set6-after,gallery:before-after:6:after,Check live Photo Studio
353,[ ],Gallery Before After Pair,Gallery — Before & After — Set 7 — Before,/gallery,set7-before,gallery:before-after:7:before,Check live Photo Studio
354,[ ],Gallery Before After Pair,Gallery — Before & After — Set 7 — After,/gallery,set7-after,gallery:before-after:7:after,Check live Photo Studio
355,[ ],Gallery Before After Pair,Gallery — Before & After — Set 8 — Before,/gallery,set8-before,gallery:before-after:8:before,Check live Photo Studio
356,[ ],Gallery Before After Pair,Gallery — Before & After — Set 8 — After,/gallery,set8-after,gallery:before-after:8:after,Check live Photo Studio
357,[ ],Proof,Home page — Review proof image,/,review-proof,page:home:review-proof,Check live Photo Studio
358,[ ],Site Brand,Site-wide — Rosie Dazzlers logo,/,,site:brand:logo,Check live Photo Studio
359,[ ],Site Brand,Site-wide — main Rosie Dazzlers banner,/,,site:brand:banner,Check live Photo Studio
360,[ ],Site Brand,Site-wide — reviews / social-proof image,/,,site:brand:reviews,Check live Photo Studio
361,[ ],Site Asset,Reviews fallback image,/,,site-asset:/assets/brand/rosie-reviews-fallback.png,Check live Photo Studio
362,[ ],Site Asset,Pricing — Vehicle Price Chart image,/,,site-asset:/assets/brand/CarPrice2025.PNG,Check live Photo Studio
363,[ ],Site Asset,Pricing — Package Service Details chart image,/,,site-asset:/assets/brand/CarPriceDetails2025.PNG,Check live Photo Studio
364,[ ],Site Asset,Vehicle Size Chart image,/,,site-asset:https://assets.rosiedazzlers.ca/packages/CarSizeChart.PNG,Check live Photo Studio
365,[ ],Site Asset,Shared coating/detail proof photo,/,,site-asset:/assets/photos/coating-detail.jpg,Check live Photo Studio
366,[ ],Site Asset,Shared engine-bay service photo,/,,site-asset:/assets/photos/engine-bay.jpg,Check live Photo Studio
367,[ ],Site Asset,Shared interior-detail service photo,/,,site-asset:/assets/photos/interior-detail.jpg,Check live Photo Studio
368,[ ],Site Asset,Shared exterior service photo,/,,site-asset:/assets/photos/service-exterior.jpg,Check live Photo Studio
369,[ ],Site Asset,Shared wrap/tint service photo,/,,site-asset:/assets/photos/wrap-tint.jpg,Check live Photo Studio
370,[ ],Maintenance Page,Maintenance Plan — hero image,/maintenance-plan,,maintenance:hero,Check live Photo Studio
371,[ ],Page Background,Home — optional page background,/,background,page-background:/,Check live Photo Studio
372,[ ],Page Background,404 — optional page background,/404,background,page-background:/404,Check live Photo Studio
373,[ ],Page Background,About — optional page background,/about,background,page-background:/about,Check live Photo Studio
374,[ ],Page Background,Blog — optional page background,/blog,background,page-background:/blog,Check live Photo Studio
375,[ ],Page Background,Book — optional page background,/book,background,page-background:/book,Check live Photo Studio
376,[ ],Page Background,Consumables — optional page background,/consumables,background,page-background:/consumables,Check live Photo Studio
377,[ ],Page Background,Contact — optional page background,/contact,background,page-background:/contact,Check live Photo Studio
378,[ ],Page Background,Faq — optional page background,/faq,background,page-background:/faq,Check live Photo Studio
379,[ ],Page Background,Fleet — optional page background,/fleet,background,page-background:/fleet,Check live Photo Studio
380,[ ],Page Background,Fleet Pricing — optional page background,/fleet-pricing,background,page-background:/fleet-pricing,Check live Photo Studio
381,[ ],Page Background,Gallery — optional page background,/gallery,background,page-background:/gallery,Check live Photo Studio
382,[ ],Page Background,Gear — optional page background,/gear,background,page-background:/gear,Check live Photo Studio
383,[ ],Page Background,Gift Cards — optional page background,/gift-cards,background,page-background:/gift-cards,Check live Photo Studio
384,[ ],Page Background,Gift Certificate Print — optional page background,/gift-certificate-print,background,page-background:/gift-certificate-print,Check live Photo Studio
385,[ ],Page Background,Gifts — optional page background,/gifts,background,page-background:/gifts,Check live Photo Studio
386,[ ],Page Background,Maintenance — optional page background,/maintenance,background,page-background:/maintenance,Check live Photo Studio
387,[ ],Page Background,Maintenance Plan — optional page background,/maintenance-plan,background,page-background:/maintenance-plan,Check live Photo Studio
388,[ ],Page Background,Pricing — optional page background,/pricing,background,page-background:/pricing,Check live Photo Studio
389,[ ],Page Background,Privacy — optional page background,/privacy,background,page-background:/privacy,Check live Photo Studio
390,[ ],Page Background,Services — optional page background,/services,background,page-background:/services,Check live Photo Studio
391,[ ],Page Background,Specials — optional page background,/specials,background,page-background:/specials,Check live Photo Studio
392,[ ],Page Background,Terms — optional page background,/terms,background,page-background:/terms,Check live Photo Studio
393,[ ],Page Background,Videos — optional page background,/videos,background,page-background:/videos,Check live Photo Studio
394,[ ],Page Background,Waiver — optional page background,/waiver,background,page-background:/waiver,Check live Photo Studio
395,[ ],Site Asset,Shared placeholder — inventory/tools photo,*,explicit,site-asset:/assets/placeholders/inventory-tools-photo.jpg,Check live Photo Studio
396,[ ],Site Asset,Shared placeholder — product/gallery photo,*,explicit,site-asset:/assets/placeholders/product-gallery-photo.jpg,Check live Photo Studio
397,[ ],Site Asset,Vehicle photo framing guide — front,*,explicit,site-asset:/assets/vehicles/outline_front.svg,Check live Photo Studio
398,[ ],Site Asset,Vehicle photo framing guide — rear,*,explicit,site-asset:/assets/vehicles/outline_back.svg,Check live Photo Studio
399,[ ],Site Asset,Legacy Port Dover ceramic proof image,*,explicit,site-asset:https://assets.rosiedazzlers.ca/CarPhotos/port-dover-ceramic-proof-before.webp,Check live Photo Studio
400,[ ],Site Asset,Legacy Simcoe pet-hair proof image,*,explicit,site-asset:https://assets.rosiedazzlers.ca/CarPhotos/simcoe-pet-hair-proof-before.webp,Check live Photo Studio
401,[ ],Site Asset,Legacy Tillsonburg interior proof image,*,explicit,site-asset:https://assets.rosiedazzlers.ca/CarPhotos/tillsonburg-interior-proof-before.webp,Check live Photo Studio
402,[ ],Site Asset,Legacy Woodstock exterior proof image,*,explicit,site-asset:https://assets.rosiedazzlers.ca/CarPhotos/woodstock-exterior-proof-before.webp,Check live Photo Studio
403,[ ],Site Asset,Shared brand photo — black car,*,explicit,site-asset:https://assets.rosiedazzlers.ca/brand/KatBlackCar.PNG,Check live Photo Studio
404,[ ],Site Asset,Shared Rosie Dazzlers banner image,*,explicit,site-asset:https://assets.rosiedazzlers.ca/brand/RosieDazzlersBanner.png,Check live Photo Studio
405,[ ],Site Brand,Site-wide — default page background,*,default,site:brand:background,Check live Photo Studio
406,[ ],Page Background,Ceramic Coating — optional page background,/ceramic-coating,explicit,page-background:/ceramic-coating,Check live Photo Studio
407,[ ],Page Background,De Ionizing Treatment — optional page background,/de-ionizing-treatment,explicit,page-background:/de-ionizing-treatment,Check live Photo Studio
408,[ ],Page Background,Engine Cleaning — optional page background,/engine-cleaning,explicit,page-background:/engine-cleaning,Check live Photo Studio
409,[ ],Page Background,Exterior Wax — optional page background,/exterior-wax,explicit,page-background:/exterior-wax,Check live Photo Studio
410,[ ],Page Background,Full Clay Treatment — optional page background,/full-clay-treatment,explicit,page-background:/full-clay-treatment,Check live Photo Studio
411,[ ],Page Background,Graphene Finish — optional page background,/graphene-finish,explicit,page-background:/graphene-finish,Check live Photo Studio
412,[ ],Page Background,Headlight Restoration — optional page background,/headlight-restoration,explicit,page-background:/headlight-restoration,Check live Photo Studio
413,[ ],Page Background,High Grade Paint Sealant — optional page background,/high-grade-paint-sealant,explicit,page-background:/high-grade-paint-sealant,Check live Photo Studio
414,[ ],Page Background,Norwich Otterville Auto Detailing — optional page background,/norwich-otterville-auto-detailing,explicit,page-background:/norwich-otterville-auto-detailing,Check live Photo Studio
415,[ ],Page Background,Odor Removal — optional page background,/odor-removal,explicit,page-background:/odor-removal,Check live Photo Studio
416,[ ],Page Background,Paint Correction — optional page background,/paint-correction,explicit,page-background:/paint-correction,Check live Photo Studio
417,[ ],Page Background,Pet Hair Removal — optional page background,/pet-hair-removal,explicit,page-background:/pet-hair-removal,Check live Photo Studio
418,[ ],Page Background,Port Dover Auto Detailing — optional page background,/port-dover-auto-detailing,explicit,page-background:/port-dover-auto-detailing,Check live Photo Studio
419,[ ],Page Background,Port Rowan Turkey Point Auto Detailing — optional page background,/port-rowan-turkey-point-auto-detailing,explicit,page-background:/port-rowan-turkey-point-auto-detailing,Check live Photo Studio
420,[ ],Page Background,Simcoe Delhi Auto Detailing — optional page background,/simcoe-delhi-auto-detailing,explicit,page-background:/simcoe-delhi-auto-detailing,Check live Photo Studio
421,[ ],Page Background,Tillsonburg Auto Detailing — optional page background,/tillsonburg-auto-detailing,explicit,page-background:/tillsonburg-auto-detailing,Check live Photo Studio
422,[ ],Page Background,Uv Protectant — optional page background,/uv-protectant,explicit,page-background:/uv-protectant,Check live Photo Studio
423,[ ],Page Background,Waterford Vittoria Auto Detailing — optional page background,/waterford-vittoria-auto-detailing,explicit,page-background:/waterford-vittoria-auto-detailing,Check live Photo Studio
424,[ ],Page Background,Woodstock Ingersoll Auto Detailing — optional page background,/woodstock-ingersoll-auto-detailing,explicit,page-background:/woodstock-ingersoll-auto-detailing,Check live Photo Studio
425,[ ],Page Background,Zorra Thamesford Embro Auto Detailing — optional page background,/zorra-thamesford-embro-auto-detailing,explicit,page-background:/zorra-thamesford-embro-auto-detailing,Check live Photo Studio
426,[ ],Landing Hero,Bug and Tar Removal — landing page hero,/bug-tar-removal,hero,landing:bug-tar-removal:hero,Check live Photo Studio
427,[ ],Landing Gallery,Bug and Tar Removal — gallery image 1,/bug-tar-removal,1,landing:bug-tar-removal:gallery:1,Check live Photo Studio
428,[ ],Landing Gallery,Bug and Tar Removal — gallery image 2,/bug-tar-removal,2,landing:bug-tar-removal:gallery:2,Check live Photo Studio
429,[ ],Landing Gallery,Bug and Tar Removal — gallery image 3,/bug-tar-removal,3,landing:bug-tar-removal:gallery:3,Check live Photo Studio
430,[ ],Proof Image,Bug and Tar Removal — review proof image,/bug-tar-removal,review-proof,landing:bug-tar-removal:review-proof,Check live Photo Studio
431,[ ],Before After Pair,Bug and Tar Removal — Before & After — Set 1 — Before,/bug-tar-removal,set-1-before,landing:bug-tar-removal:before-after:1:before,Check live Photo Studio
432,[ ],Before After Pair,Bug and Tar Removal — Before & After — Set 1 — After,/bug-tar-removal,set-1-after,landing:bug-tar-removal:before-after:1:after,Check live Photo Studio
433,[ ],Before After Pair,Bug and Tar Removal — Before & After — Set 2 — Before,/bug-tar-removal,set-2-before,landing:bug-tar-removal:before-after:2:before,Check live Photo Studio
434,[ ],Before After Pair,Bug and Tar Removal — Before & After — Set 2 — After,/bug-tar-removal,set-2-after,landing:bug-tar-removal:before-after:2:after,Check live Photo Studio
435,[ ],Before After Pair,Bug and Tar Removal — Before & After — Set 3 — Before,/bug-tar-removal,set-3-before,landing:bug-tar-removal:before-after:3:before,Check live Photo Studio
436,[ ],Before After Pair,Bug and Tar Removal — Before & After — Set 3 — After,/bug-tar-removal,set-3-after,landing:bug-tar-removal:before-after:3:after,Check live Photo Studio
437,[ ],Page Background,Bug and Tar Removal — optional page background,/bug-tar-removal,explicit,page-background:/bug-tar-removal,Check live Photo Studio
438,[ ],Landing Hero,Carpet Shampoo — landing page hero,/carpet-shampoo,hero,landing:carpet-shampoo:hero,Check live Photo Studio
439,[ ],Landing Gallery,Carpet Shampoo — gallery image 1,/carpet-shampoo,1,landing:carpet-shampoo:gallery:1,Check live Photo Studio
440,[ ],Landing Gallery,Carpet Shampoo — gallery image 2,/carpet-shampoo,2,landing:carpet-shampoo:gallery:2,Check live Photo Studio
441,[ ],Landing Gallery,Carpet Shampoo — gallery image 3,/carpet-shampoo,3,landing:carpet-shampoo:gallery:3,Check live Photo Studio
442,[ ],Proof Image,Carpet Shampoo — review proof image,/carpet-shampoo,review-proof,landing:carpet-shampoo:review-proof,Check live Photo Studio
443,[ ],Before After Pair,Carpet Shampoo — Before & After — Set 1 — Before,/carpet-shampoo,set-1-before,landing:carpet-shampoo:before-after:1:before,Check live Photo Studio
444,[ ],Before After Pair,Carpet Shampoo — Before & After — Set 1 — After,/carpet-shampoo,set-1-after,landing:carpet-shampoo:before-after:1:after,Check live Photo Studio
445,[ ],Before After Pair,Carpet Shampoo — Before & After — Set 2 — Before,/carpet-shampoo,set-2-before,landing:carpet-shampoo:before-after:2:before,Check live Photo Studio
446,[ ],Before After Pair,Carpet Shampoo — Before & After — Set 2 — After,/carpet-shampoo,set-2-after,landing:carpet-shampoo:before-after:2:after,Check live Photo Studio
447,[ ],Before After Pair,Carpet Shampoo — Before & After — Set 3 — Before,/carpet-shampoo,set-3-before,landing:carpet-shampoo:before-after:3:before,Check live Photo Studio
448,[ ],Before After Pair,Carpet Shampoo — Before & After — Set 3 — After,/carpet-shampoo,set-3-after,landing:carpet-shampoo:before-after:3:after,Check live Photo Studio
449,[ ],Page Background,Carpet Shampoo — optional page background,/carpet-shampoo,explicit,page-background:/carpet-shampoo,Check live Photo Studio
450,[ ],Landing Hero,Ceramic Spray Protection — landing page hero,/ceramic-spray-wax,hero,landing:ceramic-spray-wax:hero,Check live Photo Studio
451,[ ],Landing Gallery,Ceramic Spray Protection — gallery image 1,/ceramic-spray-wax,1,landing:ceramic-spray-wax:gallery:1,Check live Photo Studio
452,[ ],Landing Gallery,Ceramic Spray Protection — gallery image 2,/ceramic-spray-wax,2,landing:ceramic-spray-wax:gallery:2,Check live Photo Studio
453,[ ],Landing Gallery,Ceramic Spray Protection — gallery image 3,/ceramic-spray-wax,3,landing:ceramic-spray-wax:gallery:3,Check live Photo Studio
454,[ ],Proof Image,Ceramic Spray Protection — review proof image,/ceramic-spray-wax,review-proof,landing:ceramic-spray-wax:review-proof,Check live Photo Studio
455,[ ],Before After Pair,Ceramic Spray Protection — Before & After — Set 1 — Before,/ceramic-spray-wax,set-1-before,landing:ceramic-spray-wax:before-after:1:before,Check live Photo Studio
456,[ ],Before After Pair,Ceramic Spray Protection — Before & After — Set 1 — After,/ceramic-spray-wax,set-1-after,landing:ceramic-spray-wax:before-after:1:after,Check live Photo Studio
457,[ ],Before After Pair,Ceramic Spray Protection — Before & After — Set 2 — Before,/ceramic-spray-wax,set-2-before,landing:ceramic-spray-wax:before-after:2:before,Check live Photo Studio
458,[ ],Before After Pair,Ceramic Spray Protection — Before & After — Set 2 — After,/ceramic-spray-wax,set-2-after,landing:ceramic-spray-wax:before-after:2:after,Check live Photo Studio
459,[ ],Before After Pair,Ceramic Spray Protection — Before & After — Set 3 — Before,/ceramic-spray-wax,set-3-before,landing:ceramic-spray-wax:before-after:3:before,Check live Photo Studio
460,[ ],Before After Pair,Ceramic Spray Protection — Before & After — Set 3 — After,/ceramic-spray-wax,set-3-after,landing:ceramic-spray-wax:before-after:3:after,Check live Photo Studio
461,[ ],Page Background,Ceramic Spray Protection — optional page background,/ceramic-spray-wax,explicit,page-background:/ceramic-spray-wax,Check live Photo Studio
462,[ ],Landing Hero,De-Badging — landing page hero,/de-badging,hero,landing:de-badging:hero,Check live Photo Studio
463,[ ],Landing Gallery,De-Badging — gallery image 1,/de-badging,1,landing:de-badging:gallery:1,Check live Photo Studio
464,[ ],Landing Gallery,De-Badging — gallery image 2,/de-badging,2,landing:de-badging:gallery:2,Check live Photo Studio
465,[ ],Landing Gallery,De-Badging — gallery image 3,/de-badging,3,landing:de-badging:gallery:3,Check live Photo Studio
466,[ ],Proof Image,De-Badging — review proof image,/de-badging,review-proof,landing:de-badging:review-proof,Check live Photo Studio
467,[ ],Before After Pair,De-Badging — Before & After — Set 1 — Before,/de-badging,set-1-before,landing:de-badging:before-after:1:before,Check live Photo Studio
468,[ ],Before After Pair,De-Badging — Before & After — Set 1 — After,/de-badging,set-1-after,landing:de-badging:before-after:1:after,Check live Photo Studio
469,[ ],Before After Pair,De-Badging — Before & After — Set 2 — Before,/de-badging,set-2-before,landing:de-badging:before-after:2:before,Check live Photo Studio
470,[ ],Before After Pair,De-Badging — Before & After — Set 2 — After,/de-badging,set-2-after,landing:de-badging:before-after:2:after,Check live Photo Studio
471,[ ],Before After Pair,De-Badging — Before & After — Set 3 — Before,/de-badging,set-3-before,landing:de-badging:before-after:3:before,Check live Photo Studio
472,[ ],Before After Pair,De-Badging — Before & After — Set 3 — After,/de-badging,set-3-after,landing:de-badging:before-after:3:after,Check live Photo Studio
473,[ ],Page Background,De-Badging — optional page background,/de-badging,explicit,page-background:/de-badging,Check live Photo Studio
474,[ ],Landing Hero,External Ceramic Coating — landing page hero,/external-ceramic-coating,hero,landing:external-ceramic-coating:hero,Check live Photo Studio
475,[ ],Landing Gallery,External Ceramic Coating — gallery image 1,/external-ceramic-coating,1,landing:external-ceramic-coating:gallery:1,Check live Photo Studio
476,[ ],Landing Gallery,External Ceramic Coating — gallery image 2,/external-ceramic-coating,2,landing:external-ceramic-coating:gallery:2,Check live Photo Studio
477,[ ],Landing Gallery,External Ceramic Coating — gallery image 3,/external-ceramic-coating,3,landing:external-ceramic-coating:gallery:3,Check live Photo Studio
478,[ ],Proof Image,External Ceramic Coating — review proof image,/external-ceramic-coating,review-proof,landing:external-ceramic-coating:review-proof,Check live Photo Studio
479,[ ],Before After Pair,External Ceramic Coating — Before & After — Set 1 — Before,/external-ceramic-coating,set-1-before,landing:external-ceramic-coating:before-after:1:before,Check live Photo Studio
480,[ ],Before After Pair,External Ceramic Coating — Before & After — Set 1 — After,/external-ceramic-coating,set-1-after,landing:external-ceramic-coating:before-after:1:after,Check live Photo Studio
481,[ ],Before After Pair,External Ceramic Coating — Before & After — Set 2 — Before,/external-ceramic-coating,set-2-before,landing:external-ceramic-coating:before-after:2:before,Check live Photo Studio
482,[ ],Before After Pair,External Ceramic Coating — Before & After — Set 2 — After,/external-ceramic-coating,set-2-after,landing:external-ceramic-coating:before-after:2:after,Check live Photo Studio
483,[ ],Before After Pair,External Ceramic Coating — Before & After — Set 3 — Before,/external-ceramic-coating,set-3-before,landing:external-ceramic-coating:before-after:3:before,Check live Photo Studio
484,[ ],Before After Pair,External Ceramic Coating — Before & After — Set 3 — After,/external-ceramic-coating,set-3-after,landing:external-ceramic-coating:before-after:3:after,Check live Photo Studio
485,[ ],Page Background,External Ceramic Coating — optional page background,/external-ceramic-coating,explicit,page-background:/external-ceramic-coating,Check live Photo Studio
486,[ ],Landing Hero,Fleet Vehicle Add-On — landing page hero,/fleet-vehicle-add-on,hero,landing:fleet-vehicle-add-on:hero,Check live Photo Studio
487,[ ],Landing Gallery,Fleet Vehicle Add-On — gallery image 1,/fleet-vehicle-add-on,1,landing:fleet-vehicle-add-on:gallery:1,Check live Photo Studio
488,[ ],Landing Gallery,Fleet Vehicle Add-On — gallery image 2,/fleet-vehicle-add-on,2,landing:fleet-vehicle-add-on:gallery:2,Check live Photo Studio
489,[ ],Landing Gallery,Fleet Vehicle Add-On — gallery image 3,/fleet-vehicle-add-on,3,landing:fleet-vehicle-add-on:gallery:3,Check live Photo Studio
490,[ ],Proof Image,Fleet Vehicle Add-On — review proof image,/fleet-vehicle-add-on,review-proof,landing:fleet-vehicle-add-on:review-proof,Check live Photo Studio
491,[ ],Before After Pair,Fleet Vehicle Add-On — Before & After — Set 1 — Before,/fleet-vehicle-add-on,set-1-before,landing:fleet-vehicle-add-on:before-after:1:before,Check live Photo Studio
492,[ ],Before After Pair,Fleet Vehicle Add-On — Before & After — Set 1 — After,/fleet-vehicle-add-on,set-1-after,landing:fleet-vehicle-add-on:before-after:1:after,Check live Photo Studio
493,[ ],Before After Pair,Fleet Vehicle Add-On — Before & After — Set 2 — Before,/fleet-vehicle-add-on,set-2-before,landing:fleet-vehicle-add-on:before-after:2:before,Check live Photo Studio
494,[ ],Before After Pair,Fleet Vehicle Add-On — Before & After — Set 2 — After,/fleet-vehicle-add-on,set-2-after,landing:fleet-vehicle-add-on:before-after:2:after,Check live Photo Studio
495,[ ],Before After Pair,Fleet Vehicle Add-On — Before & After — Set 3 — Before,/fleet-vehicle-add-on,set-3-before,landing:fleet-vehicle-add-on:before-after:3:before,Check live Photo Studio
496,[ ],Before After Pair,Fleet Vehicle Add-On — Before & After — Set 3 — After,/fleet-vehicle-add-on,set-3-after,landing:fleet-vehicle-add-on:before-after:3:after,Check live Photo Studio
497,[ ],Page Background,Fleet Vehicle Add-On — optional page background,/fleet-vehicle-add-on,explicit,page-background:/fleet-vehicle-add-on,Check live Photo Studio
498,[ ],Landing Hero,Headlight Restoration — landing page hero,/headlight-restoration-addon,hero,landing:headlight-restoration-addon:hero,Check live Photo Studio
499,[ ],Landing Gallery,Headlight Restoration — gallery image 1,/headlight-restoration-addon,1,landing:headlight-restoration-addon:gallery:1,Check live Photo Studio
500,[ ],Landing Gallery,Headlight Restoration — gallery image 2,/headlight-restoration-addon,2,landing:headlight-restoration-addon:gallery:2,Check live Photo Studio
501,[ ],Landing Gallery,Headlight Restoration — gallery image 3,/headlight-restoration-addon,3,landing:headlight-restoration-addon:gallery:3,Check live Photo Studio
502,[ ],Proof Image,Headlight Restoration — review proof image,/headlight-restoration-addon,review-proof,landing:headlight-restoration-addon:review-proof,Check live Photo Studio
503,[ ],Before After Pair,Headlight Restoration — Before & After — Set 1 — Before,/headlight-restoration-addon,set-1-before,landing:headlight-restoration-addon:before-after:1:before,Check live Photo Studio
504,[ ],Before After Pair,Headlight Restoration — Before & After — Set 1 — After,/headlight-restoration-addon,set-1-after,landing:headlight-restoration-addon:before-after:1:after,Check live Photo Studio
505,[ ],Before After Pair,Headlight Restoration — Before & After — Set 2 — Before,/headlight-restoration-addon,set-2-before,landing:headlight-restoration-addon:before-after:2:before,Check live Photo Studio
506,[ ],Before After Pair,Headlight Restoration — Before & After — Set 2 — After,/headlight-restoration-addon,set-2-after,landing:headlight-restoration-addon:before-after:2:after,Check live Photo Studio
507,[ ],Before After Pair,Headlight Restoration — Before & After — Set 3 — Before,/headlight-restoration-addon,set-3-before,landing:headlight-restoration-addon:before-after:3:before,Check live Photo Studio
508,[ ],Before After Pair,Headlight Restoration — Before & After — Set 3 — After,/headlight-restoration-addon,set-3-after,landing:headlight-restoration-addon:before-after:3:after,Check live Photo Studio
509,[ ],Page Background,Headlight Restoration — optional page background,/headlight-restoration-addon,explicit,page-background:/headlight-restoration-addon,Check live Photo Studio
510,[ ],Landing Hero,Odor Treatment — landing page hero,/odor-treatment,hero,landing:odor-treatment:hero,Check live Photo Studio
511,[ ],Landing Gallery,Odor Treatment — gallery image 1,/odor-treatment,1,landing:odor-treatment:gallery:1,Check live Photo Studio
512,[ ],Landing Gallery,Odor Treatment — gallery image 2,/odor-treatment,2,landing:odor-treatment:gallery:2,Check live Photo Studio
513,[ ],Landing Gallery,Odor Treatment — gallery image 3,/odor-treatment,3,landing:odor-treatment:gallery:3,Check live Photo Studio
514,[ ],Proof Image,Odor Treatment — review proof image,/odor-treatment,review-proof,landing:odor-treatment:review-proof,Check live Photo Studio
515,[ ],Before After Pair,Odor Treatment — Before & After — Set 1 — Before,/odor-treatment,set-1-before,landing:odor-treatment:before-after:1:before,Check live Photo Studio
516,[ ],Before After Pair,Odor Treatment — Before & After — Set 1 — After,/odor-treatment,set-1-after,landing:odor-treatment:before-after:1:after,Check live Photo Studio
517,[ ],Before After Pair,Odor Treatment — Before & After — Set 2 — Before,/odor-treatment,set-2-before,landing:odor-treatment:before-after:2:before,Check live Photo Studio
518,[ ],Before After Pair,Odor Treatment — Before & After — Set 2 — After,/odor-treatment,set-2-after,landing:odor-treatment:before-after:2:after,Check live Photo Studio
519,[ ],Before After Pair,Odor Treatment — Before & After — Set 3 — Before,/odor-treatment,set-3-before,landing:odor-treatment:before-after:3:before,Check live Photo Studio
520,[ ],Before After Pair,Odor Treatment — Before & After — Set 3 — After,/odor-treatment,set-3-after,landing:odor-treatment:before-after:3:after,Check live Photo Studio
521,[ ],Page Background,Odor Treatment — optional page background,/odor-treatment,explicit,page-background:/odor-treatment,Check live Photo Studio
522,[ ],Landing Hero,Salt Stain Treatment — landing page hero,/salt-stain-treatment,hero,landing:salt-stain-treatment:hero,Check live Photo Studio
523,[ ],Landing Gallery,Salt Stain Treatment — gallery image 1,/salt-stain-treatment,1,landing:salt-stain-treatment:gallery:1,Check live Photo Studio
524,[ ],Landing Gallery,Salt Stain Treatment — gallery image 2,/salt-stain-treatment,2,landing:salt-stain-treatment:gallery:2,Check live Photo Studio
525,[ ],Landing Gallery,Salt Stain Treatment — gallery image 3,/salt-stain-treatment,3,landing:salt-stain-treatment:gallery:3,Check live Photo Studio
526,[ ],Proof Image,Salt Stain Treatment — review proof image,/salt-stain-treatment,review-proof,landing:salt-stain-treatment:review-proof,Check live Photo Studio
527,[ ],Before After Pair,Salt Stain Treatment — Before & After — Set 1 — Before,/salt-stain-treatment,set-1-before,landing:salt-stain-treatment:before-after:1:before,Check live Photo Studio
528,[ ],Before After Pair,Salt Stain Treatment — Before & After — Set 1 — After,/salt-stain-treatment,set-1-after,landing:salt-stain-treatment:before-after:1:after,Check live Photo Studio
529,[ ],Before After Pair,Salt Stain Treatment — Before & After — Set 2 — Before,/salt-stain-treatment,set-2-before,landing:salt-stain-treatment:before-after:2:before,Check live Photo Studio
530,[ ],Before After Pair,Salt Stain Treatment — Before & After — Set 2 — After,/salt-stain-treatment,set-2-after,landing:salt-stain-treatment:before-after:2:after,Check live Photo Studio
531,[ ],Before After Pair,Salt Stain Treatment — Before & After — Set 3 — Before,/salt-stain-treatment,set-3-before,landing:salt-stain-treatment:before-after:3:before,Check live Photo Studio
532,[ ],Before After Pair,Salt Stain Treatment — Before & After — Set 3 — After,/salt-stain-treatment,set-3-after,landing:salt-stain-treatment:before-after:3:after,Check live Photo Studio
533,[ ],Page Background,Salt Stain Treatment — optional page background,/salt-stain-treatment,explicit,page-background:/salt-stain-treatment,Check live Photo Studio
534,[ ],Landing Hero,Seat Shampoo — landing page hero,/seat-shampoo,hero,landing:seat-shampoo:hero,Check live Photo Studio
535,[ ],Landing Gallery,Seat Shampoo — gallery image 1,/seat-shampoo,1,landing:seat-shampoo:gallery:1,Check live Photo Studio
536,[ ],Landing Gallery,Seat Shampoo — gallery image 2,/seat-shampoo,2,landing:seat-shampoo:gallery:2,Check live Photo Studio
537,[ ],Landing Gallery,Seat Shampoo — gallery image 3,/seat-shampoo,3,landing:seat-shampoo:gallery:3,Check live Photo Studio
538,[ ],Proof Image,Seat Shampoo — review proof image,/seat-shampoo,review-proof,landing:seat-shampoo:review-proof,Check live Photo Studio
539,[ ],Before After Pair,Seat Shampoo — Before & After — Set 1 — Before,/seat-shampoo,set-1-before,landing:seat-shampoo:before-after:1:before,Check live Photo Studio
540,[ ],Before After Pair,Seat Shampoo — Before & After — Set 1 — After,/seat-shampoo,set-1-after,landing:seat-shampoo:before-after:1:after,Check live Photo Studio
541,[ ],Before After Pair,Seat Shampoo — Before & After — Set 2 — Before,/seat-shampoo,set-2-before,landing:seat-shampoo:before-after:2:before,Check live Photo Studio
542,[ ],Before After Pair,Seat Shampoo — Before & After — Set 2 — After,/seat-shampoo,set-2-after,landing:seat-shampoo:before-after:2:after,Check live Photo Studio
543,[ ],Before After Pair,Seat Shampoo — Before & After — Set 3 — Before,/seat-shampoo,set-3-before,landing:seat-shampoo:before-after:3:before,Check live Photo Studio
544,[ ],Before After Pair,Seat Shampoo — Before & After — Set 3 — After,/seat-shampoo,set-3-after,landing:seat-shampoo:before-after:3:after,Check live Photo Studio
545,[ ],Page Background,Seat Shampoo — optional page background,/seat-shampoo,explicit,page-background:/seat-shampoo,Check live Photo Studio
546,[ ],Landing Hero,Trim Restoration — landing page hero,/trim-restoration,hero,landing:trim-restoration:hero,Check live Photo Studio
547,[ ],Landing Gallery,Trim Restoration — gallery image 1,/trim-restoration,1,landing:trim-restoration:gallery:1,Check live Photo Studio
548,[ ],Landing Gallery,Trim Restoration — gallery image 2,/trim-restoration,2,landing:trim-restoration:gallery:2,Check live Photo Studio
549,[ ],Landing Gallery,Trim Restoration — gallery image 3,/trim-restoration,3,landing:trim-restoration:gallery:3,Check live Photo Studio
550,[ ],Proof Image,Trim Restoration — review proof image,/trim-restoration,review-proof,landing:trim-restoration:review-proof,Check live Photo Studio
551,[ ],Before After Pair,Trim Restoration — Before & After — Set 1 — Before,/trim-restoration,set-1-before,landing:trim-restoration:before-after:1:before,Check live Photo Studio
552,[ ],Before After Pair,Trim Restoration — Before & After — Set 1 — After,/trim-restoration,set-1-after,landing:trim-restoration:before-after:1:after,Check live Photo Studio
553,[ ],Before After Pair,Trim Restoration — Before & After — Set 2 — Before,/trim-restoration,set-2-before,landing:trim-restoration:before-after:2:before,Check live Photo Studio
554,[ ],Before After Pair,Trim Restoration — Before & After — Set 2 — After,/trim-restoration,set-2-after,landing:trim-restoration:before-after:2:after,Check live Photo Studio
555,[ ],Before After Pair,Trim Restoration — Before & After — Set 3 — Before,/trim-restoration,set-3-before,landing:trim-restoration:before-after:3:before,Check live Photo Studio
556,[ ],Before After Pair,Trim Restoration — Before & After — Set 3 — After,/trim-restoration,set-3-after,landing:trim-restoration:before-after:3:after,Check live Photo Studio
557,[ ],Page Background,Trim Restoration — optional page background,/trim-restoration,explicit,page-background:/trim-restoration,Check live Photo Studio
558,[ ],Landing Hero,Truck Box Wash — landing page hero,/truck-box-wash,hero,landing:truck-box-wash:hero,Check live Photo Studio
559,[ ],Landing Gallery,Truck Box Wash — gallery image 1,/truck-box-wash,1,landing:truck-box-wash:gallery:1,Check live Photo Studio
560,[ ],Landing Gallery,Truck Box Wash — gallery image 2,/truck-box-wash,2,landing:truck-box-wash:gallery:2,Check live Photo Studio
561,[ ],Landing Gallery,Truck Box Wash — gallery image 3,/truck-box-wash,3,landing:truck-box-wash:gallery:3,Check live Photo Studio
562,[ ],Proof Image,Truck Box Wash — review proof image,/truck-box-wash,review-proof,landing:truck-box-wash:review-proof,Check live Photo Studio
563,[ ],Before After Pair,Truck Box Wash — Before & After — Set 1 — Before,/truck-box-wash,set-1-before,landing:truck-box-wash:before-after:1:before,Check live Photo Studio
564,[ ],Before After Pair,Truck Box Wash — Before & After — Set 1 — After,/truck-box-wash,set-1-after,landing:truck-box-wash:before-after:1:after,Check live Photo Studio
565,[ ],Before After Pair,Truck Box Wash — Before & After — Set 2 — Before,/truck-box-wash,set-2-before,landing:truck-box-wash:before-after:2:before,Check live Photo Studio
566,[ ],Before After Pair,Truck Box Wash — Before & After — Set 2 — After,/truck-box-wash,set-2-after,landing:truck-box-wash:before-after:2:after,Check live Photo Studio
567,[ ],Before After Pair,Truck Box Wash — Before & After — Set 3 — Before,/truck-box-wash,set-3-before,landing:truck-box-wash:before-after:3:before,Check live Photo Studio
568,[ ],Before After Pair,Truck Box Wash — Before & After — Set 3 — After,/truck-box-wash,set-3-after,landing:truck-box-wash:before-after:3:after,Check live Photo Studio
569,[ ],Page Background,Truck Box Wash — optional page background,/truck-box-wash,explicit,page-background:/truck-box-wash,Check live Photo Studio
570,[ ],Landing Hero,Two Stage Polish — landing page hero,/two-stage-polish,hero,landing:two-stage-polish:hero,Check live Photo Studio
571,[ ],Landing Gallery,Two Stage Polish — gallery image 1,/two-stage-polish,1,landing:two-stage-polish:gallery:1,Check live Photo Studio
572,[ ],Landing Gallery,Two Stage Polish — gallery image 2,/two-stage-polish,2,landing:two-stage-polish:gallery:2,Check live Photo Studio
573,[ ],Landing Gallery,Two Stage Polish — gallery image 3,/two-stage-polish,3,landing:two-stage-polish:gallery:3,Check live Photo Studio
574,[ ],Proof Image,Two Stage Polish — review proof image,/two-stage-polish,review-proof,landing:two-stage-polish:review-proof,Check live Photo Studio
575,[ ],Before After Pair,Two Stage Polish — Before & After — Set 1 — Before,/two-stage-polish,set-1-before,landing:two-stage-polish:before-after:1:before,Check live Photo Studio
576,[ ],Before After Pair,Two Stage Polish — Before & After — Set 1 — After,/two-stage-polish,set-1-after,landing:two-stage-polish:before-after:1:after,Check live Photo Studio
577,[ ],Before After Pair,Two Stage Polish — Before & After — Set 2 — Before,/two-stage-polish,set-2-before,landing:two-stage-polish:before-after:2:before,Check live Photo Studio
578,[ ],Before After Pair,Two Stage Polish — Before & After — Set 2 — After,/two-stage-polish,set-2-after,landing:two-stage-polish:before-after:2:after,Check live Photo Studio
579,[ ],Before After Pair,Two Stage Polish — Before & After — Set 3 — Before,/two-stage-polish,set-3-before,landing:two-stage-polish:before-after:3:before,Check live Photo Studio
580,[ ],Before After Pair,Two Stage Polish — Before & After — Set 3 — After,/two-stage-polish,set-3-after,landing:two-stage-polish:before-after:3:after,Check live Photo Studio
581,[ ],Page Background,Two Stage Polish — optional page background,/two-stage-polish,explicit,page-background:/two-stage-polish,Check live Photo Studio
582,[ ],Landing Hero,Vinyl Wrapping — landing page hero,/vinyl-wrapping,hero,landing:vinyl-wrapping:hero,Check live Photo Studio
583,[ ],Landing Gallery,Vinyl Wrapping — gallery image 1,/vinyl-wrapping,1,landing:vinyl-wrapping:gallery:1,Check live Photo Studio
584,[ ],Landing Gallery,Vinyl Wrapping — gallery image 2,/vinyl-wrapping,2,landing:vinyl-wrapping:gallery:2,Check live Photo Studio
585,[ ],Landing Gallery,Vinyl Wrapping — gallery image 3,/vinyl-wrapping,3,landing:vinyl-wrapping:gallery:3,Check live Photo Studio
586,[ ],Proof Image,Vinyl Wrapping — review proof image,/vinyl-wrapping,review-proof,landing:vinyl-wrapping:review-proof,Check live Photo Studio
587,[ ],Before After Pair,Vinyl Wrapping — Before & After — Set 1 — Before,/vinyl-wrapping,set-1-before,landing:vinyl-wrapping:before-after:1:before,Check live Photo Studio
588,[ ],Before After Pair,Vinyl Wrapping — Before & After — Set 1 — After,/vinyl-wrapping,set-1-after,landing:vinyl-wrapping:before-after:1:after,Check live Photo Studio
589,[ ],Before After Pair,Vinyl Wrapping — Before & After — Set 2 — Before,/vinyl-wrapping,set-2-before,landing:vinyl-wrapping:before-after:2:before,Check live Photo Studio
590,[ ],Before After Pair,Vinyl Wrapping — Before & After — Set 2 — After,/vinyl-wrapping,set-2-after,landing:vinyl-wrapping:before-after:2:after,Check live Photo Studio
591,[ ],Before After Pair,Vinyl Wrapping — Before & After — Set 3 — Before,/vinyl-wrapping,set-3-before,landing:vinyl-wrapping:before-after:3:before,Check live Photo Studio
592,[ ],Before After Pair,Vinyl Wrapping — Before & After — Set 3 — After,/vinyl-wrapping,set-3-after,landing:vinyl-wrapping:before-after:3:after,Check live Photo Studio
593,[ ],Page Background,Vinyl Wrapping — optional page background,/vinyl-wrapping,explicit,page-background:/vinyl-wrapping,Check live Photo Studio
594,[ ],Landing Hero,Window Tinting — landing page hero,/window-tinting,hero,landing:window-tinting:hero,Check live Photo Studio
595,[ ],Landing Gallery,Window Tinting — gallery image 1,/window-tinting,1,landing:window-tinting:gallery:1,Check live Photo Studio
596,[ ],Landing Gallery,Window Tinting — gallery image 2,/window-tinting,2,landing:window-tinting:gallery:2,Check live Photo Studio
597,[ ],Landing Gallery,Window Tinting — gallery image 3,/window-tinting,3,landing:window-tinting:gallery:3,Check live Photo Studio
598,[ ],Proof Image,Window Tinting — review proof image,/window-tinting,review-proof,landing:window-tinting:review-proof,Check live Photo Studio
599,[ ],Before After Pair,Window Tinting — Before & After — Set 1 — Before,/window-tinting,set-1-before,landing:window-tinting:before-after:1:before,Check live Photo Studio
600,[ ],Before After Pair,Window Tinting — Before & After — Set 1 — After,/window-tinting,set-1-after,landing:window-tinting:before-after:1:after,Check live Photo Studio
601,[ ],Before After Pair,Window Tinting — Before & After — Set 2 — Before,/window-tinting,set-2-before,landing:window-tinting:before-after:2:before,Check live Photo Studio
602,[ ],Before After Pair,Window Tinting — Before & After — Set 2 — After,/window-tinting,set-2-after,landing:window-tinting:before-after:2:after,Check live Photo Studio
603,[ ],Before After Pair,Window Tinting — Before & After — Set 3 — Before,/window-tinting,set-3-before,landing:window-tinting:before-after:3:before,Check live Photo Studio
604,[ ],Before After Pair,Window Tinting — Before & After — Set 3 — After,/window-tinting,set-3-after,landing:window-tinting:before-after:3:after,Check live Photo Studio
605,[ ],Page Background,Window Tinting — optional page background,/window-tinting,explicit,page-background:/window-tinting,Check live Photo Studio
606,[ ],Landing Hero,Windshield Ceramic Coating — landing page hero,/windshield-ceramic-coating,hero,landing:windshield-ceramic-coating:hero,Check live Photo Studio
607,[ ],Landing Gallery,Windshield Ceramic Coating — gallery image 1,/windshield-ceramic-coating,1,landing:windshield-ceramic-coating:gallery:1,Check live Photo Studio
608,[ ],Landing Gallery,Windshield Ceramic Coating — gallery image 2,/windshield-ceramic-coating,2,landing:windshield-ceramic-coating:gallery:2,Check live Photo Studio
609,[ ],Landing Gallery,Windshield Ceramic Coating — gallery image 3,/windshield-ceramic-coating,3,landing:windshield-ceramic-coating:gallery:3,Check live Photo Studio
610,[ ],Proof Image,Windshield Ceramic Coating — review proof image,/windshield-ceramic-coating,review-proof,landing:windshield-ceramic-coating:review-proof,Check live Photo Studio
611,[ ],Before After Pair,Windshield Ceramic Coating — Before & After — Set 1 — Before,/windshield-ceramic-coating,set-1-before,landing:windshield-ceramic-coating:before-after:1:before,Check live Photo Studio
612,[ ],Before After Pair,Windshield Ceramic Coating — Before & After — Set 1 — After,/windshield-ceramic-coating,set-1-after,landing:windshield-ceramic-coating:before-after:1:after,Check live Photo Studio
613,[ ],Before After Pair,Windshield Ceramic Coating — Before & After — Set 2 — Before,/windshield-ceramic-coating,set-2-before,landing:windshield-ceramic-coating:before-after:2:before,Check live Photo Studio
614,[ ],Before After Pair,Windshield Ceramic Coating — Before & After — Set 2 — After,/windshield-ceramic-coating,set-2-after,landing:windshield-ceramic-coating:before-after:2:after,Check live Photo Studio
615,[ ],Before After Pair,Windshield Ceramic Coating — Before & After — Set 3 — Before,/windshield-ceramic-coating,set-3-before,landing:windshield-ceramic-coating:before-after:3:before,Check live Photo Studio
616,[ ],Before After Pair,Windshield Ceramic Coating — Before & After — Set 3 — After,/windshield-ceramic-coating,set-3-after,landing:windshield-ceramic-coating:before-after:3:after,Check live Photo Studio
617,[ ],Page Background,Windshield Ceramic Coating — optional page background,/windshield-ceramic-coating,explicit,page-background:/windshield-ceramic-coating,Check live Photo Studio
